id,code,name,plan_id/id,parent_id/id,line_seq
fund_0000,0000,ไม่ระบุกองทุน,analytic_plan_funds,,0
fund_0100,0100,กองทุนทั่วไป,analytic_plan_funds,,1
fund_0200,0200,กองทุนเพื่อการศึกษา,analytic_plan_funds,,2
fund_0300,0300,กองทุนวิจัย,analytic_plan_funds,,3
fund_0400,0400,กองทุนบริการวิชาการ,analytic_plan_funds,,4
fund_0500,0500,กองทุนกิจการนักศึกษา,analytic_plan_funds,,5
fund_0600,0600,กองทุนสินทรัพย์ถาวร,analytic_plan_funds,,6
fund_0700,0700,กองทุนอื่น,analytic_plan_funds,,7
fund_0701,0701,กองทุนทำนุบำรุงศิลปวัฒนธรรม,analytic_plan_funds,fund_0700,8
fund_0702,0702,กองทุนสำรอง,analytic_plan_funds,fund_0700,9
fund_0703,0703,กองทุนพัฒนาบุคลากร,analytic_plan_funds,fund_0700,10
fund_0704,0704,กองทุนบูรณาการ,analytic_plan_funds,fund_0700,11
fund_0705,0705,กองทุนยุทธศาสตร์,analytic_plan_funds,fund_0700,12
"activity_00","00",ไม่ระบุด้าน,analytic_plan_activities,,
"activity_09","09",ด้านการพัฒนาประชากร,analytic_plan_activities,,
"activity_09007","09007",แผนงานจัดการศึกษาอุดมศึกษา,analytic_plan_activities,activity_09,
"activity_090070101","090070101",กิจกรรมหลัก งานสนับสนุนการจัดการศึกษา,analytic_plan_activities,activity_09007,
"activity_09007010110","09007010110",กิจกรรมรอง กิจกรรมบริหารทั่วไป,analytic_plan_activities,activity_090070101,
"activity_09007010110170","09007010110170",กิจกรรมย่อย งานด้านบริหารทั่วไป (รวมบริหารจัดการกลาง),analytic_plan_activities,activity_09007010110,
"activity_09007010110180","09007010110180",กิจกรรมย่อย งานด้านทรัพยากรบุคคลและนิติการ,analytic_plan_activities,activity_09007010110,
"activity_09007010110190","09007010110190",กิจกรรมย่อย งานด้านอาคารสถานที่ บำรุงรักษาและยานพาหนะ ระบบสาธารณูปโภค,analytic_plan_activities,activity_09007010110,
"activity_09007010110200","09007010110200",กิจกรรมย่อย งานด้านนโยบาย แผนพัฒนา แผนงบประมาณ วิจัยสถาบันและการประกันคุณภาพการศึกษา,analytic_plan_activities,activity_09007010110,
"activity_09007010110210","09007010110210",กิจกรรมย่อย งานด้านการเงิน บัญชี งบประมาณ และพัสดุ,analytic_plan_activities,activity_09007010110,
"activity_09007010110220","09007010110220",กิจกรรมย่อย งานด้านวิเทศสัมพันธ์,analytic_plan_activities,activity_09007010110,
"activity_09007010110230","09007010110230",กิจกรรมย่อย งานด้านโรงพิมพ์ สารนิเทศและประชาสัมพันธ์,analytic_plan_activities,activity_09007010110,
"activity_09007010111","09007010111",กิจกรรมรอง กิจกรรมทะเบียนนักศึกษาและประมวลผล,analytic_plan_activities,activity_090070101,
"activity_09007010111114","09007010111114",กิจกรรมย่อย งานด้านรับเข้านักศึกษาและทะเบียนประวัติ,analytic_plan_activities,activity_09007010111,
"activity_09007010111115","09007010111115",กิจกรรมย่อย งานด้านทะเบียนการศึกษา,analytic_plan_activities,activity_09007010111,
"activity_09007010111116","09007010111116",กิจกรรมย่อย งานด้านบริหารการเรียนการสอน,analytic_plan_activities,activity_09007010111,
"activity_09007010111117","09007010111117",กิจกรรมย่อย งานด้านประมวลผลการศึกษา,analytic_plan_activities,activity_09007010111,
"activity_09007010111118","09007010111118",กิจกรรมย่อย งานด้านตรวจสอบและรับรองผลการศึกษา,analytic_plan_activities,activity_09007010111,
"activity_09007010112","09007010112",กิจกรรมรอง กิจกรรมบริการห้องสมุดและเทคโนโลยีทางการศึกษา,analytic_plan_activities,activity_090070101,
"activity_09007010112123","09007010112123",กิจกรรมย่อย งานด้านเทคนิค,analytic_plan_activities,activity_09007010112,
"activity_09007010112124","09007010112124",กิจกรรมย่อย งานด้านบริการสารนิเทศ,analytic_plan_activities,activity_09007010112,
"activity_09007010112125","09007010112125",กิจกรรมย่อย งานเทคโนโลยีสารสนเทศ,analytic_plan_activities,activity_09007010112,
"activity_09007010113","09007010113",กิจกรรมรอง กิจกรรมบริการคอมพิวเตอร์ทางวิชาการ,analytic_plan_activities,activity_090070101,
"activity_09007010113133","09007010113133",กิจกรรมย่อย งานด้านควบคุมเครื่องและระบบเครือข่าย,analytic_plan_activities,activity_09007010113,
"activity_09007010113134","09007010113134",กิจกรรมย่อย งานด้านบริการคอมพิวเตอร์,analytic_plan_activities,activity_09007010113,
"activity_09007010114","09007010114",กิจกรรมรอง กิจกรรมบริหารวิชาการ (รวมงานบริการทุนการศึกษา),analytic_plan_activities,activity_090070101,
"activity_09007010114142","09007010114142",กิจกรรมย่อย งานวิชาการและมาตรฐานการศึกษา,analytic_plan_activities,activity_09007010114,
"activity_09007010114143","09007010114143",กิจกรรมย่อย งานบริหารจัดการศึกษาทั่วไป,analytic_plan_activities,activity_09007010114,
"activity_09007010114144","09007010114144",กิจกรรมย่อย งานส่งเสริมและพัฒนาการศึกษา,analytic_plan_activities,activity_09007010114,
"activity_09007010114145","09007010114145",กิจกรรมย่อย งานบริการทุนการศึกษา (ระดับปริญญาตรี โท-เอก),analytic_plan_activities,activity_09007010114,
"activity_09007010115","09007010115",กิจกรรมรอง กิจกรรมพัฒนาคุณภาพนักศึกษา,analytic_plan_activities,activity_090070101,
"activity_09007010115151","09007010115151",กิจกรรมย่อย งานด้านกิจกรรมนักศึกษา,analytic_plan_activities,activity_09007010115,
"activity_09007010115152","09007010115152",กิจกรรมย่อย งานด้านบริการนักศึกษา,analytic_plan_activities,activity_09007010115,
"activity_09007010116","09007010116",กิจกรรมรอง กิจกรรมพัฒนาบุคลากรทางวิชาการ,analytic_plan_activities,activity_090070101,
"activity_09007010116161","09007010116161",กิจกรรมย่อย การฝึกอบรม/สัมมนา/ศึกษาดูงาน,analytic_plan_activities,activity_09007010116,
"activity_09007010116162","09007010116162",กิจกรรมย่อย การศึกษาต่อ,analytic_plan_activities,activity_09007010116,
"activity_09007010116163","09007010116163",กิจกรรมย่อย การส่งเสริม/สนับสนุนการพัฒนาวิชาการ,analytic_plan_activities,activity_09007010116,
"activity_09007010117","09007010117",กิจกรรมรอง กิจกรรมผลิตและพัฒนาสื่อการศึกษา,analytic_plan_activities,activity_090070101,
"activity_09007010117171","09007010117171",กิจกรรมย่อย อุปกรณ์การสอน และพัฒนาต้นแบบชุดสื่อการสอน,analytic_plan_activities,activity_09007010117,
"activity_09007010117172","09007010117172",กิจกรรมย่อย บริการเครื่องมือเทคโนโลยีทางการศึกษา(รวมบริการด้านโสตทัศนศึกษา),analytic_plan_activities,activity_09007010117,
"activity_09007010118","09007010118",กิจกรรมรอง กิจกรรมพัฒนาหลักสูตรและการเรียนการสอน,analytic_plan_activities,activity_090070101,
"activity_09007010118181","09007010118181",กิจกรรมย่อย การปรับปรุงและพัฒนาหลักสูตร,analytic_plan_activities,activity_09007010118,
"activity_09007010118182","09007010118182",กิจกรรมย่อย การประเมินผลโครงสร้างหลักสูตร,analytic_plan_activities,activity_09007010118,
"activity_09007010118183","09007010118183",กิจกรรมย่อย การบริหารและสนับสนุนวิชาการ,analytic_plan_activities,activity_09007010118,
"activity_09007010119","09007010119",กิจกรรมรอง กิจกรรมส่งเสริมการผลิตตำรา,analytic_plan_activities,activity_090070101,
"activity_09007010119191","09007010119191",กิจกรรมย่อย ผลิตและพัฒนาตำราในสาขาวิชาต่าง ๆ,analytic_plan_activities,activity_09007010119,
"activity_090070102","090070102",กิจกรรมหลัก งานจัดการศึกษาด้านวิทยาศาสตร์และเทคโนโลยี,analytic_plan_activities,activity_09007,
"activity_09007010220","09007010220",กิจกรรมรอง กิจกรรมสาขาครุศาสตร์อุตสาหกรรม,analytic_plan_activities,activity_090070102,
"activity_09007010220211","09007010220211",กิจกรรมย่อย ระดับปริญญาตรี,analytic_plan_activities,activity_09007010220,
"activity_09007010220212","09007010220212",กิจกรรมย่อย ระดับปริญญาโท-เอก,analytic_plan_activities,activity_09007010220,
"activity_09007010220213","09007010220213",กิจกรรมย่อย สอนบริการวิชาพื้นฐานและวิชาเลือก/โท,analytic_plan_activities,activity_09007010220,
"activity_09007010221","09007010221",กิจกรรมรอง กิจกรรมสาขาวิทยาศาสตร์,analytic_plan_activities,activity_090070102,
"activity_09007010221211","09007010221211",กิจกรรมย่อย ระดับปริญญาตรี,analytic_plan_activities,activity_09007010221,
"activity_09007010221212","09007010221212",กิจกรรมย่อย ระดับปริญญาโท-เอก,analytic_plan_activities,activity_09007010221,
"activity_09007010221213","09007010221213",กิจกรรมย่อย สอนบริการวิชาพื้นฐานและวิชาเลือก/โท,analytic_plan_activities,activity_09007010221,
"activity_09007010222","09007010222",กิจกรรมรอง กิจกรรมสาขาวิศวกรรมศาสตร์,analytic_plan_activities,activity_090070102,
"activity_09007010222211","09007010222211",กิจกรรมย่อย ระดับปริญญาตรี,analytic_plan_activities,activity_09007010222,
"activity_09007010222212","09007010222212",กิจกรรมย่อย ระดับปริญญาโท-เอก,analytic_plan_activities,activity_09007010222,
"activity_09007010222213","09007010222213",กิจกรรมย่อย สอนบริการวิชาพื้นฐานและวิชาเลือก/โท,analytic_plan_activities,activity_09007010222,
"activity_09007010223","09007010223",กิจกรรมรอง กิจกรรมสาขาสถาปัตยกรรมศาสตร์,analytic_plan_activities,activity_090070102,
"activity_09007010223211","09007010223211",กิจกรรมย่อย ระดับปริญญาตรี,analytic_plan_activities,activity_09007010223,
"activity_09007010223212","09007010223212",กิจกรรมย่อย ระดับปริญญาโท-เอก,analytic_plan_activities,activity_09007010223,
"activity_09007010223213","09007010223213",กิจกรรมย่อย สอนบริการวิชาพื้นฐานและวิชาเลือก/โท,analytic_plan_activities,activity_09007010223,
"activity_09007010224","09007010224",กิจกรรมรอง กิจกรรมสาขาเทคโนโลยีการเกษตร,analytic_plan_activities,activity_090070102,
"activity_09007010224211","09007010224211",กิจกรรมย่อย ระดับปริญญาตรี,analytic_plan_activities,activity_09007010224,
"activity_09007010224212","09007010224212",กิจกรรมย่อย ระดับปริญญาโท-เอก,analytic_plan_activities,activity_09007010224,
"activity_09007010224213","09007010224213",กิจกรรมย่อย สอนบริการวิชาพื้นฐานและวิชาเลือก/โท,analytic_plan_activities,activity_09007010224,
"activity_09007010225","09007010225",กิจกรรมรอง กิจกรรมสาขาเทคโนโลยีสารสนเทศ,analytic_plan_activities,activity_090070102,
"activity_09007010225211","09007010225211",กิจกรรมย่อย ระดับปริญญาตรี,analytic_plan_activities,activity_09007010225,
"activity_09007010225212","09007010225212",กิจกรรมย่อย ระดับปริญญาโท-เอก,analytic_plan_activities,activity_09007010225,
"activity_09007010225213","09007010225213",กิจกรรมย่อย สอนบริการวิชาพื้นฐานและวิชาเลือก/โท,analytic_plan_activities,activity_09007010225,
"activity_09007010226","09007010226",กิจกรรมรอง กิจกรรมสาขาวิชาพื้นฐานและวิชาเลือก/โท,analytic_plan_activities,activity_090070102,
"activity_09007010226211","09007010226211",กิจกรรมย่อย ระดับปริญญาตรี,analytic_plan_activities,activity_09007010226,
"activity_09007010226212","09007010226212",กิจกรรมย่อย ระดับปริญญาโท-เอก,analytic_plan_activities,activity_09007010226,
"activity_09007010226213","09007010226213",กิจกรรมย่อย สอนบริการวิชาพื้นฐานและวิชาเลือก/โท,analytic_plan_activities,activity_09007010226,
"activity_09007010227","09007010227",กิจกรรมรอง กิจกรรมสาขาอุตสาหกรรมเกษตร,analytic_plan_activities,activity_090070102,
"activity_09007010227211","09007010227211",กิจกรรมย่อย ระดับปริญญาตรี,analytic_plan_activities,activity_09007010227,
"activity_09007010227212","09007010227212",กิจกรรมย่อย ระดับปริญญาโท-เอก,analytic_plan_activities,activity_09007010227,
"activity_09007010227213","09007010227213",กิจกรรมย่อย สอนบริการวิชาพื้นฐานและวิชาเลือก/โท,analytic_plan_activities,activity_09007010227,
"activity_09007010228","09007010228",กิจกรรมรอง กิจกรรมสาขาวิชาพื้นฐานทั่วไป,analytic_plan_activities,activity_090070102,
"activity_09007010228211","09007010228211",กิจกรรมย่อย ระดับปริญญาตรี,analytic_plan_activities,activity_09007010228,
"activity_09007010228212","09007010228212",กิจกรรมย่อย ระดับปริญญาโท-เอก,analytic_plan_activities,activity_09007010228,
"activity_09007010228213","09007010228213",กิจกรรมย่อย สอนบริการวิชาพื้นฐานและวิชาเลือก/โท,analytic_plan_activities,activity_09007010228,
"activity_09007010229","09007010229",กิจกรรมรอง กิจกรรมสาขาบริหารและการจัดการ,analytic_plan_activities,activity_090070102,
"activity_09007010229211","09007010229211",กิจกรรมย่อย ระดับปริญญาตรี,analytic_plan_activities,activity_09007010229,
"activity_09007010229212","09007010229212",กิจกรรมย่อย ระดับปริญญาโท-เอก,analytic_plan_activities,activity_09007010229,
"activity_09007010229213","09007010229213",กิจกรรมย่อย สอนบริการวิชาพื้นฐานและวิชาเลือก/โท,analytic_plan_activities,activity_09007010229,
"activity_09007010230","09007010230",กิจกรรมรอง กิจกรรมสาขาวิทยาศาสตร์สุขภาพ,analytic_plan_activities,activity_090070102,
"activity_09007010230211","09007010230211",กิจกรรมย่อย ระดับปริญญาตรี,analytic_plan_activities,activity_09007010230,
"activity_09007010230212","09007010230212",กิจกรรมย่อย ระดับปริญญาโท-เอก,analytic_plan_activities,activity_09007010230,
"activity_09007010230213","09007010230213",กิจกรรมย่อย สอนบริการวิชาพื้นฐานและวิชาเลือก/โท,analytic_plan_activities,activity_09007010230,
"activity_09007010231","09007010231",กิจกรรมรอง กิจกรรมสาขานวัตกรรมทางการศึกษา,analytic_plan_activities,activity_090070102,
"activity_09007010231211","09007010231211",กิจกรรมย่อย ระดับปริญญาตรี,analytic_plan_activities,activity_09007010231,
"activity_09007010231212","09007010231212",กิจกรรมย่อย ระดับปริญญาโท-เอก,analytic_plan_activities,activity_09007010231,
"activity_09007010231213","09007010231213",กิจกรรมย่อย สอนบริการวิชาพื้นฐานและวิชาเลือก/โท,analytic_plan_activities,activity_09007010231,
"activity_09007010232","09007010232",กิจกรรมรอง กิจกรรมอุตสาหกรรมการบิน,analytic_plan_activities,activity_090070102,
"activity_09007010232211","09007010232211",กิจกรรมย่อย ระดับปริญญาตรี,analytic_plan_activities,activity_09007010232,
"activity_09007010232212","09007010232212",กิจกรรมย่อย ระดับปริญญาโท-เอก,analytic_plan_activities,activity_09007010232,
"activity_09007010232213","09007010232213",กิจกรรมย่อย สอนบริการวิชาพื้นฐานและวิชาเลือก/โท,analytic_plan_activities,activity_09007010232,
"activity_09007010233","09007010233",กิจกรรมรอง กิจกรรมสาขาศิลปศาสตร์,analytic_plan_activities,activity_090070102,
"activity_09007010233211","09007010233211",กิจกรรมย่อย ระดับปริญญาตรี,analytic_plan_activities,activity_09007010233,
"activity_09007010233212","09007010233212",กิจกรรมย่อย ระดับปริญญาโท-เอก,analytic_plan_activities,activity_09007010233,
"activity_09007010233213","09007010233213",กิจกรรมย่อย สอนบริการวิชาพื้นฐานและวิชาเลือก/โท,analytic_plan_activities,activity_09007010233,
"activity_09007010234","09007010234",กิจกรรมรอง กิจกรรมสาขาพยาบาลศาสตร์,analytic_plan_activities,activity_090070102,
"activity_09007010234211","09007010234211",กิจกรรมย่อย ระดับปริญญาตรี,analytic_plan_activities,activity_09007010234,
"activity_09007010234212","09007010234212",กิจกรรมย่อย ระดับปริญญาโท-เอก,analytic_plan_activities,activity_09007010234,
"activity_09007010234213","09007010234213",กิจกรรมย่อย สอนบริการวิชาพื้นฐานและวิชาเลือก/โท,analytic_plan_activities,activity_09007010234,
"activity_09010","09010",แผนงานบริการวิชาการแก่สังคม,analytic_plan_activities,activity_09,
"activity_090100201","090100201",กิจกรรมหลัก งานบริการวิชาการแก่ชุมชน,analytic_plan_activities,activity_09010,
"activity_09010020151","09010020151",กิจกรรมรอง จัดฝึกอบรมทางวิชาการ,analytic_plan_activities,activity_090100201,
"activity_09010020152","09010020152",กิจกรรมรอง จัดทำวารสารทางวิชาการ,analytic_plan_activities,activity_090100201,
"activity_09010020153","09010020153",กิจกรรมรอง จัดแสดงนิทรรศการ,analytic_plan_activities,activity_090100201,
"activity_09010020154","09010020154",กิจกรรมรอง บริการวิชาการรูปแบบต่าง ๆ,analytic_plan_activities,activity_090100201,
"activity_09011","09011",แผนงานศาสนา ศิลปะ และวัฒนธรรม,analytic_plan_activities,activity_09,
"activity_090110301","090110301",กิจกรรมหลัก งานทำนุบำรุงศิลปวัฒนธรรม,analytic_plan_activities,activity_09011,
"activity_09011030130","09011030130",กิจกรรมรอง การจัดฝึกอบรม/การจัดนิทรรศการ,analytic_plan_activities,activity_090110301,
"activity_09011030131","09011030131",กิจกรรมรอง การเผยแพร่ประชาสัมพันธ์,analytic_plan_activities,activity_090110301,
"activity_09011030132","09011030132",กิจกรรมรอง การดำเนินงานอื่นๆ (ด้านศิลปวัฒนธรรม),analytic_plan_activities,activity_090110301,
"activity_09006","09006",แผนงานยุทธศาสตร์,analytic_plan_activities,activity_09,
"activity_090060601","090060601",กิจกรรมหลัก งานพัฒนาและผลิตกำลังคนของประเทศ เพื่อรองรับนโยบาย Thailand 4.0,analytic_plan_activities,activity_09006,
"activity_09006060160","09006060160",กิจกรรมรอง พัฒนารูปแบบข้อสอบวัดระดับมาตราฐานภาษาอังกฤษสำหรับบุคลากรในภาคอุตสาหกรรม S – Curve,analytic_plan_activities,activity_090060601,
"activity_09006060161","09006060161",กิจกรรมรอง ยกระดับแรงงานไทยในภาคอุตสาหกรรมให้มีศักยภาพเพิ่มขึ้น เพื่อเพิ่มขีดความสามารถในการแข่งขันของประเทศ,analytic_plan_activities,activity_090060601,
"activity_09006060162","09006060162",กิจกรรมรอง กำลังคนต้นแบบด้านวิทยาศาสตร์และเทคโนโลยี เพื่อตอบสนองความต้องการภาคอุตสาหกรรมตามนโยบายรัฐบาล (KNAST),analytic_plan_activities,activity_090060601,
"activity_09006060163","09006060163",กิจกรรมรอง ผลิตและพัฒนากำลังคนระดับอาชีวศึกษาและอุดมศึกษาตามความต้องการของประเทศ (ปริญญาตรีต่อเนื่อง),analytic_plan_activities,activity_090060601,
"activity_09006060164","09006060164",กิจกรรมรอง พัฒนาทรัพยากรบุคคลตามโครงการยกระดับคุณภาพหลักสูตรตามนโยบายกระทรวงศึกษาธิการ สำหรับสาขาอุตสาหกรรมเป้าหมายเร่งด่วนของประเทศ(อาชีวะพรีเมี่ยม),analytic_plan_activities,activity_090060601,
"activity_090060602","090060602",กิจกรรมหลัก งานสร้างกำลังคนที่มีสมรรถนะสูง สำหรับอุตสาหกรรม New Growth Engine ตามนโยบาย Thailand 4.0,analytic_plan_activities,activity_09006,
"activity_09006060265","09006060265",กิจกรรมรอง สร้างกำลังคนที่มีสมรรถนะสูง สำหรับอุตสาหกรรมNew Growth Engine ตามนโยบาย Thailand 4.0 (บัณฑิตพันธ์ใหม่),analytic_plan_activities,activity_090060602,
"activity_090060603","090060603",กิจกรรมหลัก งานพัฒนากำลังคนด้านวิศวกรรมศาสตร์เทคโนโลยีและนวัตกรรม,analytic_plan_activities,activity_09006,
"activity_09006060366","09006060366",กิจกรรมรอง พัฒนาผู้มีความสามารถพิเศษด้านวิทยาศาสตร์และคณิตศาสตร์ (โคเซ็น),analytic_plan_activities,activity_090060603,
"activity_090060604","090060604",กิจกรรมหลัก งานวิจัยและพัฒนานวัตกรรม,analytic_plan_activities,activity_09006,
"activity_09006060467","09006060467",กิจกรรมรอง สถานีอัดประจุยานพาหนะไฟฟ้าแบบเคลื่อนย้ายได้โดยใช้พลังงานแสงอาทิตย์,analytic_plan_activities,activity_090060604,
"activity_09006060468","09006060468",กิจกรรมรอง ความเป็นเลิศด้านวิจัยและพัฒนาเทคโนโลยีและนวัตกรรมจากวัสดุอนุพันธ์กราฟี นขั้นแนวหน้าสำหรับอุตสาหกรรมสมัยใหม่,analytic_plan_activities,activity_090060604,
"activity_09006060469","09006060469",กิจกรรมรอง เพิ่มผลผลิตข้าวโพดเลี้ยงสัตว์และมูลค่าวัสดุเหลือใช้ทางการเกษตรในอุตสาหกรรมอาหารสัตว์,analytic_plan_activities,activity_090060604,
"activity_09006060470","09006060470",กิจกรรมรอง การใช้ประโยชน์ของวัตถุดิบพื้นถิ่นอย่างคุ้มค่าและต่อยอดพัฒนาเศรษฐกิจฐานรากของชุมชน,analytic_plan_activities,activity_090060604,
"activity_090060605","090060605",กิจกรรมหลัก งานพัฒนาทักษะกำลังคนของประเทศ,analytic_plan_activities,activity_09006,
"activity_09006060571","09006060571",กิจกรรมรอง เรียนรู้ตลอดชีวิตและพัฒนาทักษะเพื่ออนาคต (Upskill/Reskill),analytic_plan_activities,activity_090060605,
"activity_09006060572","09006060572",กิจกรรมรอง ยุวชนอาสา,analytic_plan_activities,activity_090060605,
"activity_090060606","090060606",กิจกรรมหลัก งาน 1 อำเภอ 1 แปลงเกษตรอัจฉริยะ,analytic_plan_activities,activity_09006,
"activity_09006060673","09006060673",กิจกรรมรอง ส่งเสริมและพัฒนาต้นแบบเกษตรอัจฉริยะ,analytic_plan_activities,activity_090060606,
"activity_090060607","090060607",กิจกรรมหลัก งานพัฒนาความเป็นเลิศของสถาบันอุดมศึกษาและพัฒนากำลังคนขั้นสูง,analytic_plan_activities,activity_09006,
"activity_09006060774","09006060774",กิจกรรมรอง พัฒนาหลักสูตรรูปแบบ Entrepreneurship Educationที่เป็น Niche Area หรือ Strength ของสถาบันอุดมศึกษา,analytic_plan_activities,activity_090060607,
"activity_06","06",ด้านวิทยาศาสตร์และเทคโนโลยี,analytic_plan_activities,,
"activity_06004","06004",แผนงานวิจัย,analytic_plan_activities,activity_06,
"activity_060040401","060040401",กิจกรรมหลัก งานวิจัยพัฒนาและถ่ายทอดเทคโนโลยี (รวมแผนงานบูรณาการวิจัยและนวัตกรรม),analytic_plan_activities,activity_06004,
"activity_06004040140","06004040140",กิจกรรมรอง วิจัยพื้นฐาน,analytic_plan_activities,activity_060040401,
"activity_06004040141","06004040141",กิจกรรมรอง วิจัยประยุกต์,analytic_plan_activities,activity_060040401,
"activity_06004040142","06004040142",กิจกรรมรอง วิจัยและพัฒนา และถ่ายทอดเทคโนโลยี,analytic_plan_activities,activity_060040401,
"activity_06004040143","06004040143",กิจกรรมรอง การวิจัยเพื่อดำเนินการตามนโยบายรัฐบาล (แผนงานบูรณาการวิจัยและนวัตกรรม),analytic_plan_activities,activity_060040401,
"activity_06005","06005",แผนงานบูรณาการ,analytic_plan_activities,activity_06,
"activity_060050501","060050501",กิจกรรมหลัก งานส่งเสริม และพัฒนาเทคโนโลยี นวัตกรรม,analytic_plan_activities,activity_06005,
"activity_06005050150","06005050150",กิจกรรมรอง พัฒนาอุตสาหกรรมศักยภาพ,analytic_plan_activities,activity_060050501,
"activity_06005050151","06005050151",กิจกรรมรอง สร้างรายได้จากการท่องเที่ยวและบริการ,analytic_plan_activities,activity_060050501,
"activity_06005050152","06005050152",กิจกรรมรอง พัฒนาศักยภาพการผลิตภาคเกษตร,analytic_plan_activities,activity_060050501,
"activity_06005050153","06005050153",กิจกรรมรอง พัฒนาศักยภาพคนตามช่วงวัย,analytic_plan_activities,activity_060050501,
"activity_06005050154","06005050154",กิจกรรมรอง ยกระดับคุณภาพการศึกษาและการเรียนรู้ตลอดชีวิต,analytic_plan_activities,activity_060050501,
"activity_06005050155","06005050155",กิจกรรมรอง เสริมสร้างความเข้มแข็งและยั่งยืนให้กับเศรษฐกิจภายในประเทศ,analytic_plan_activities,activity_060050501,
"activity_060050502","060050502",กิจกรรมหลัก งานพัฒนาพื้นที่ระเบียงเศรษฐกิจภาคตะวันออก,analytic_plan_activities,activity_06005,
"activity_06005050256","06005050256",กิจกรรมรอง พัฒนาพื้นที่ระเบียงเศรษฐกิจภาคตะวันออก,analytic_plan_activities,activity_060050502,
"activity_060050503","060050503",กิจกรรมหลัก งานพัฒนาคุณภาพชีวิต สร้างความสมดุลทางเศรษฐกิจ,analytic_plan_activities,activity_06005,
"activity_06005050357","06005050357",กิจกรรมรอง พัฒนาคุณภาพชีวิต สร้างความสมดุลทางเศรษฐกิจ,analytic_plan_activities,activity_060050503,
source_1,"1",งบประมาณแผ่นดิน,analytic_plan_sources,,1
source_2,"2",งบประมาณเงินรายได้,analytic_plan_sources,,2
source_3,"3",งบกลาง (งบประมาณแผ่นดิน),analytic_plan_sources,,3
source_4,"4",เงินสะสม (งบประมาณเงินรายได้),analytic_plan_sources,,4
source_5,"5",เงินกันเหลื่อมปี (งบประมาณแผ่นดิน),analytic_plan_sources,,5
source_6,"6",เงินกันเหลื่อมปี (งบประมาณเงินรายได้),analytic_plan_sources,,6
source_7,"7",เงินกันเหลื่อมปี (เงินรายได้สะสม),analytic_plan_sources,,7
"dept_01","01",คณะวิศวกรรมศาสตร์,analytic_plan_departments,,
"dept_01030","01030",ภาควิชาวิศวกรรมเกษตร,analytic_plan_departments,dept_01,
"dept_01031","01031",วิศวกรรมระบบอุตสาหกรรมการเกษตร (ต่อเนื่อง),analytic_plan_departments,dept_01030,
"dept_01040","01040",ภาควิชาวิศวกรรมคอมพิวเตอร์,analytic_plan_departments,dept_01,
"dept_01041","01041",วิศวกรรมคอมพิวเตอร์(ต่อเนื่อง),analytic_plan_departments,dept_01040,
"dept_01042","01042",วิศวกรรมคอมพิวเตอร์(หลักสูตรนานาชาติ),analytic_plan_departments,dept_01040,
"dept_01043","01043",วิศวกรรมระบบไอโอทีและสารสนเทศ,analytic_plan_departments,dept_01040,
"dept_01050","01050",ภาควิชาวิศวกรรมเคมี,analytic_plan_departments,dept_01,
"dept_01060","01060",ภาควิชาวิศวกรรมเครื่องกล,analytic_plan_departments,dept_01,
"dept_01070","01070",ภาควิชาวิศวกรรมโทรคมนาคม,analytic_plan_departments,dept_01,
"dept_01071","01071",วิศวกรรมไฟฟ้าสื่อสารและอิเล็กทรอนิกส์(ต่อเนื่อง),analytic_plan_departments,dept_01070,
"dept_01072","01072",วิศวกรรมอวกาศและภูมิสารสนเทศ,analytic_plan_departments,dept_01070,
"dept_01080","01080",ภาควิชาวิศวกรรมไฟฟ้า,analytic_plan_departments,dept_01,
"dept_01081","01081",วิศวกรรมไฟฟ้า (ต่อเนื่อง),analytic_plan_departments,dept_01080,
"dept_01090","01090",ภาควิชาวิศวกรรมโยธา,analytic_plan_departments,dept_01,
"dept_01091","01091",วิศวกรรมโยธา(ต่อเนื่อง),analytic_plan_departments,dept_01090,
"dept_01120","01120",ภาควิชาวิศวกรรมอาหาร,analytic_plan_departments,dept_01,
"dept_01130","01130",ภาควิชาวิศวกรรมอิเล็กทรอนิกส์,analytic_plan_departments,dept_01,
"dept_01160","01160",ภาควิชาวิศวกรรมอุตสาหการ,analytic_plan_departments,dept_01,
"dept_01170","01170",ส่วนสนับสนุนวิชาการ,analytic_plan_departments,dept_01,
"dept_01280","01280",ภาควิชาวิศวกรรมการวัดและควบคุม,analytic_plan_departments,dept_01,
"dept_01281","01281",วิศวกรรมการวัดคุม (ต่อเนื่อง),analytic_plan_departments,dept_01280,
"dept_01290","01290",ภาควิชาวิศวกรรมชีวการแพทย์,analytic_plan_departments,dept_01,
"dept_01300","01300",ศูนย์พัฒนานวัตกรรมและบริการทางวิศวกรรม,analytic_plan_departments,dept_01,
"dept_01310","01310",สำนักงานบริหารหลักสูตรวิศวกรรมสหวิทยาการนานาชาติ,analytic_plan_departments,dept_01,
"dept_01302","01302",Computer Innovation Engineering,analytic_plan_departments,dept_01310,
"dept_01303","01303",Energy Engineering,analytic_plan_departments,dept_01310,
"dept_01304","01304",Finance Engineering,analytic_plan_departments,dept_01310,
"dept_01305","01305",Software Engineering,analytic_plan_departments,dept_01310,
"dept_01306","01306",Industrial Engineering and Logistics Management,analytic_plan_departments,dept_01310,
"dept_01307","01307",Mechanical Engineering,analytic_plan_departments,dept_01310,
"dept_01308","01308",Chemical Engineering,analytic_plan_departments,dept_01310,
"dept_01309","01309",Civil Engineering,analytic_plan_departments,dept_01310,
"dept_01311","01311",Engineering Management and Entrepreneurship,analytic_plan_departments,dept_01310,
"dept_01312","01312",Electrical Engineering,analytic_plan_departments,dept_01310,
"dept_01320","01320",ภาควิชาวิศวกรรมหุ่นยนต์และปัญญาประดิษฐ์,analytic_plan_departments,dept_01,
"dept_01330","01330",ศูนย์พัฒนศึกษาวิศวกรรมศาสตร์,analytic_plan_departments,dept_01,
"dept_02","02",คณะสถาปัตยกรรม ศิลปะและการออกแบบ,analytic_plan_departments,,
"dept_02090","02090",ส่วนสนับสนุนวิชาการ,analytic_plan_departments,dept_02,
"dept_02020","02020",ภาควิชาศิลปอุตสาหกรรม,analytic_plan_departments,dept_02,
"dept_02040","02040",ภาควิชาสถาปัตยกรรมภายใน,analytic_plan_departments,dept_02,
"dept_02050","02050",ภาควิชานิเทศศิลป์,analytic_plan_departments,dept_02,
"dept_02130","02130",ภาควิชาสถาปัตยกรรมและการวางแผน,analytic_plan_departments,dept_02,
"dept_02140","02140",ภาควิชาศิลปกรรม,analytic_plan_departments,dept_02,
"dept_02160","02160",ศูนย์บูรณาการเทคโนโลยีเพื่อการแก้ไขปัญหาประเทศ,analytic_plan_departments,dept_02,
"dept_02180","02180",ศูนย์วิจัยและออกแบบงานสร้างสรรค์,analytic_plan_departments,dept_02,
"dept_02200","02200",สำนักงานบริหารหลักสูตรสถาปัตยกรรมสหวิทยาการนานาชาติ,analytic_plan_departments,dept_02,
"dept_03","03",คณะครุศาสตร์อุตสาหกรรมและเทคโนโลยี,analytic_plan_departments,,
"dept_03020","03020",ภาควิชาครุศาสตร์อุตสาหกรรม,analytic_plan_departments,dept_03,
"dept_03040","03040",ภาควิชาครุศาสตร์เกษตร,analytic_plan_departments,dept_03,
"dept_03050","03050",ภาควิชาครุศาสตร์วิศวกรรม,analytic_plan_departments,dept_03,
"dept_03070","03070",ส่วนสนับสนุนวิชาการ,analytic_plan_departments,dept_03,
"dept_03130","03130",ศูนย์นวัตกรรมและเทคโนโลยีทางการศึกษา,analytic_plan_departments,dept_03,
"dept_03140","03140",ภาควิชาครุศาสตร์สถาปัตยกรรมและการออกแบบ,analytic_plan_departments,dept_03,
"dept_03150","03150",สำนักงานนานาชาติครุศาสตร์อุตสาหกรรมและเทคโนโลยี,analytic_plan_departments,dept_03,
"dept_05","05",คณะวิทยาศาสตร์,analytic_plan_departments,,
"dept_05100","05100",ส่วนสนับสนุนวิชาการ,analytic_plan_departments,dept_05,
"dept_05170","05170",ศูนย์เครื่องมือวิทยาศาสตร์,analytic_plan_departments,dept_05,
"dept_05180","05180",ภาควิชาฟิ สิกส์,analytic_plan_departments,dept_05,
"dept_05190","05190",ภาควิชาคณิตศาสตร์,analytic_plan_departments,dept_05,
"dept_05200","05200",ภาควิชาวิทยาการคอมพิวเตอร์,analytic_plan_departments,dept_05,
"dept_05210","05210",ภาควิชาสถิติ,analytic_plan_departments,dept_05,
"dept_05220","05220",ภาควิชาชีววิทยา,analytic_plan_departments,dept_05,
"dept_05230","05230",ภาควิชาเคมี,analytic_plan_departments,dept_05,
"dept_05240","05240",ศูนย์วิเคราะห์ข้อมูลดิจิทัลอัจฉริยะพระจอมเกล้าลาดกระบัง,analytic_plan_departments,dept_05,
"dept_04","04",คณะเทคโนโลยีการเกษตร,analytic_plan_departments,,
"dept_04040","04040",ภาควิชาเทคโนโลยีการผลิตพืช,analytic_plan_departments,dept_04,
"dept_04110","04110",ส่วนสนับสนุนวิชาการ,analytic_plan_departments,dept_04,
"dept_04150","04150",ศูนย์วิจัยร่วมภาครัฐและเอกชน,analytic_plan_departments,dept_04,
"dept_04160","04160",ภาควิชาเทคโนโลยีการผลิตสัตว์และประมง,analytic_plan_departments,dept_04,
"dept_04170","04170",ภาควิชานวัตกรรมการสื่อสารและพัฒนาการเกษตร,analytic_plan_departments,dept_04,
"dept_04180","04180",สำนักงานบริหารหลักสูตรสหวิทยาการเทคโนโลยีการเกษตร,analytic_plan_departments,dept_04,
"dept_06","06",คณะเทคโนโลยีสารสนเทศ,analytic_plan_departments,,
"dept_06030","06030",ส่วนสนับสนุนวิชาการ,analytic_plan_departments,dept_06,
"dept_06040","06040",สาขาวิชาเทคโนโลยีสารสนเทศ,analytic_plan_departments,dept_06,
"dept_06050","06050",ศูนย์ความเป็นเลิศทางเทคโนโลยีเชิงลึก,analytic_plan_departments,dept_06,
"dept_17","17",คณะอุตสาหกรรมอาหาร,analytic_plan_departments,,
"dept_17030","17030",ส่วนสนับสนุนวิชาการ,analytic_plan_departments,dept_17,
"dept_17040","17040",สาขาวิชาอุตสาหกรรมเกษตร,analytic_plan_departments,dept_17,
"dept_17050","17050",สาขาวิชาเทคโนโลยีการหมัก,analytic_plan_departments,dept_17,
"dept_17060","17060",สาขาวิชาวิศวกรรมแปรรูปอาหาร,analytic_plan_departments,dept_17,
"dept_17070","17070",ศูนย์วิจัยและพัฒนาทางอุตสาหกรรมอาหาร,analytic_plan_departments,dept_17,
"dept_17080","17080",ศูนย์ห้องปฏิบัติการกลาง,analytic_plan_departments,dept_17,
"dept_08","08",สำนักทะเบียนและบริการการศึกษา,analytic_plan_departments,,
"dept_09","09",สำนักบริหารข้อมูลดิจิทัลพระจอมเกล้าเจ้าคุณทหารลาดกระบัง,analytic_plan_departments,,
"dept_10","10",สำนักการเรียนรู้ตลอดชีวิตพระจอมเกล้าเจ้าคุณทหารลาดกระบัง,analytic_plan_departments,,
"dept_11","11",วิทยาเขตชุมพรเขตรอุดมศักดิ์,analytic_plan_departments,,
"dept_11080","11080",ส่วนบริหารงานทั่วไป,analytic_plan_departments,dept_11,
"dept_11090","11090",ส่วนวิทยบริการ,analytic_plan_departments,dept_11,
"dept_11100","11100",ส่วนบริหารธุรกิจ,analytic_plan_departments,dept_11,
"dept_11140","11140",ภาควิชาพื้นฐานทั่วไป,analytic_plan_departments,dept_11,
"dept_11150","11150",ภาควิชาวิศวกรรมศาสตร์,analytic_plan_departments,dept_11,
"dept_11160","11160",ภาควิชาเทคโนโลยีการเกษตร,analytic_plan_departments,dept_11,
"dept_89","89",สำนักงานอธิการบดี,analytic_plan_departments,,
"dept_89300","89300",งบกลางสำนักงานอธิการบดี,analytic_plan_departments,dept_89,
"dept_89310","89310",สำนักงานบริหารวิชาการและคุณภาพการศึกษา,analytic_plan_departments,dept_89,
"dept_89320","89320",สำนักงานกิจการต่างประเทศ,analytic_plan_departments,dept_89,
"dept_89330","89330",สำนักงานกิจการนักศึกษาและศิษย์เก่าสัมพันธ์,analytic_plan_departments,dept_89,
"dept_89340","89340",สำนักงานบริหารยุทธศาสตร์,analytic_plan_departments,dept_89,
"dept_89350","89350",สำนักงานนิติการ,analytic_plan_departments,dept_89,
"dept_89360","89360",สำนักงานบริหารงานทั่วไปและกิจการพิเศษ,analytic_plan_departments,dept_89,
"dept_89370","89370",สำนักงานบริหารทรัพยากรบุคคล,analytic_plan_departments,dept_89,
"dept_89380","89380",สำนักงานคลัง,analytic_plan_departments,dept_89,
"dept_89390","89390",สำนักงานบริหารทรัพยากรกายภาพและสิ่งแวดล้อม,analytic_plan_departments,dept_89,
"dept_89400","89400",สำนักงานพัสดุ,analytic_plan_departments,dept_89,
"dept_89410","89410",สำนักงานบริหารทรัพย์สิน,analytic_plan_departments,dept_89,
"dept_89401","89401",การจัดหาประโยชน์จากที่ราชพัสดุ,analytic_plan_departments,dept_89,
"dept_89402","89402",สระว่ายน้ำและศูนย์กีฬา,analytic_plan_departments,dept_89,
"dept_89403","89403",อาคารพักอาศัย (คอนโด),analytic_plan_departments,dept_89,
"dept_89404","89404",หอพักนักศึกษา,analytic_plan_departments,dept_89,
"dept_89405","89405",หอประชุมเจ้าพระยาสุรวงษ์ไวยวัฒน์,analytic_plan_departments,dept_89,
"dept_89406","89406",อาคารนวัตกรรมเฉลิมพระเกียรติและหอพระราชประวัติฯ (รัชกาลที่ 4),analytic_plan_departments,dept_89,
"dept_89407","89407",โรงพิมพ์,analytic_plan_departments,dept_89,
"dept_89408","89408",อาคารบ้านพักอาศัย(แฟลต)/ บ้านพัก,analytic_plan_departments,dept_89,
"dept_89420","89420",โรงเรียนสาธิตนานาชาติ สถาบันเทคโนโลยีพระจอมเกล้าเจ้าคุณทหารลาดกระบัง,analytic_plan_departments,dept_89,
"dept_89430","89430",สถาบันโคเซ็นแห่งสถาบันเทคโนโลยีพระจอมเกล้าเจ้าคุณทหารลาดกระบัง (KOSEN-KMITL),analytic_plan_departments,dept_89,
"dept_89440","89440",สำนักงานบริหารวารสารวิชาการ,analytic_plan_departments,dept_89,
"dept_89450","89450",สำนักงานสื่อสารองค์กร,analytic_plan_departments,dept_89,
"dept_99","99",สำนักบริหารงานวิจัยและนวัตกรรมพระจอมเกล้าลาดกระบัง,analytic_plan_departments,,
"dept_99040","99040",งานบริการวิชาการ,analytic_plan_departments,dept_99,
"dept_99060","99060",งานบริหารงานวิจัย,analytic_plan_departments,dept_99,
"dept_99070","99070",งานจัดการทรัพย์สินทางปัญญา,analytic_plan_departments,dept_99,
"dept_99080","99080",งานส่งเสริมและสนับสนุนนโยบายภาครัฐและเอกชนเชิงรุก,analytic_plan_departments,dept_99,
"dept_31","31",วิทยาลัยเทคโนโลยีและนวัตกรรมวัสดุ,analytic_plan_departments,,
"dept_31020","31020",ศูนย์วิจัยและห้องปฏิบัติการร่วมภาครัฐ,analytic_plan_departments,dept_31,
"dept_31030","31030",ส่วนสนับสนุนวิชาการ,analytic_plan_departments,dept_31,
"dept_31040","31040",ศูนย์วิจัยนาโนเทคโนโลยีเพื่อการเกษตร,analytic_plan_departments,dept_31,
"dept_31050","31050",ภาควิชานาโนวิทยาและนาโนเทคโนโลยี,analytic_plan_departments,dept_31,
"dept_32","32",วิทยาลัยนวัตกรรมการผลิตขั้นสูง,analytic_plan_departments,,
"dept_32020","32020",ศูนย์วิจัยร่วมภาครัฐและเอกชน,analytic_plan_departments,dept_32,
"dept_32030","32030",ส่วนสนับสนุนวิชาการ,analytic_plan_departments,dept_32,
"dept_32040","32040",ภาควิชาเทคโนโลยีระบบการผลิต,analytic_plan_departments,dept_32,
"dept_33","33",สำนักงานสภาสถาบัน,analytic_plan_departments,,
"dept_33030","33030",งานบริหารงานทั่วไป,analytic_plan_departments,dept_33,
"dept_33040","33040",งานประชุม สรรหาและแต่งตั้ง,analytic_plan_departments,dept_33,
"dept_33050","33050",งานวิเคราะห์ ติดตามนโยบายและประเมินผล,analytic_plan_departments,dept_33,
"dept_33060","33060",งานตรวจสอบ,analytic_plan_departments,dept_33,
"dept_36","36",คณะบริหารธุรกิจ,analytic_plan_departments,,
"dept_36010","36010",ส่วนสนับสนุนวิชาการ,analytic_plan_departments,dept_36,
"dept_36060","36060",ศูนย์บริการวิชาการด้านการบริหารธุรกิจและการจัดการ,analytic_plan_departments,dept_36,
"dept_36090","36090",สาขาวิชาบริหารธุรกิจและเศรษฐศาสตร,analytic_plan_departments,dept_36,
"dept_37","37",สำนักวิชาศึกษาทั่วไป,analytic_plan_departments,,
"dept_38","38",คณะแพทยศาสตร์,analytic_plan_departments,,
"dept_38010","38010",ส่วนสนับสนุนวิชาการ,analytic_plan_departments,dept_38,
"dept_38020","38020",สาขาวิชาแพทยศาสตร์,analytic_plan_departments,dept_38,
"dept_38030","38030",ศูนย์บริการทางการแพทย์,analytic_plan_departments,dept_38,
"dept_38040","38040",ศูนย์วิจัยและนวัตกรรมแพทยศาสตร์ สจล.,analytic_plan_departments,dept_38,
"dept_39","39",วิทยาลัยการจัดการนวัตกรรมและอุตสาหกรรม,analytic_plan_departments,,
"dept_39010","39010",สำนักงานวิทยาลัยวิจัยนวัตกรรมทางการศึกษา,analytic_plan_departments,dept_39,
"dept_39020","39020",ภาควิชาการศึกษาขั้นพื้นฐาน,analytic_plan_departments,dept_39,
"dept_39030","39030",ภาควิชาวิจัยและพัฒนานวัตกรรม,analytic_plan_departments,dept_39,
"dept_39050","39050",ศูนย์วิจัยนวัตกรรมทางการศึกษา,analytic_plan_departments,dept_39,
"dept_40","40",วิทยาลัยอุตสาหกรรมการบินนานาชาติ,analytic_plan_departments,,
"dept_40010","40010",ส่วนสนับสนุนวิชาการ,analytic_plan_departments,dept_40,
"dept_40020","40020",ภาควิชาวิศวกรรมการบิน,analytic_plan_departments,dept_40,
"dept_40030","40030",ภาควิชานวัตกรรมการจัดการอุตสาหกรรมการบินและการบริการ,analytic_plan_departments,dept_40,
"dept_40040","40040",ศูนย์นวัตกรรมการบินและบริการ,analytic_plan_departments,dept_40,
"dept_41","41",คณะศิลปศาสตร์,analytic_plan_departments,,
"dept_41010","41010",ส่วนสนับสนุนวิชาการ,analytic_plan_departments,dept_41,
"dept_41020","41020",ภาควิชาภาษา,analytic_plan_departments,dept_41,
"dept_41030","41030",ภาควิชามนุษยศาสตร์และสังคมศาสตร์,analytic_plan_departments,dept_41,
"dept_41040","41040",ศูนย์ภาษาพระจอมเกล้าลาดกระบัง,analytic_plan_departments,dept_41,
"dept_42","42",วิทยาลัยวิศวกรรมสังคีต,analytic_plan_departments,,
"dept_42010","42010",ส่วนสนับสนุนวิชาการ,analytic_plan_departments,dept_42,
"dept_42020","42020",สาขาวิชาวิศวกรรมดนตรีและสื่อประสม,analytic_plan_departments,dept_42,
"dept_42030","42030",สาขาวิชาวิศวกรรมเสียงและการออกแบบ,analytic_plan_departments,dept_42,
"dept_42040","42040",ศูนย์วิจัยและพัฒนานวัตกรรม,analytic_plan_departments,dept_42,
"dept_43","43",สำนักวิจัยนวัตกรรมเมืองอัจฉริยะ,analytic_plan_departments,,
"dept_44","44",โรงพยาบาลพระจอมเกล้าเจ้าคุณทหาร,analytic_plan_departments,,
"dept_44010","44010",ฝ่ายบริหาร,analytic_plan_departments,dept_44,
"dept_44020","44020",ฝ่ายบริการทางการแพทย์,analytic_plan_departments,dept_44,
"dept_44030","44030",ฝ่ายวิจัยและนวัตกรรม,analytic_plan_departments,dept_44,
"dept_45","45",คณะทันตแพทยศาสตร์,analytic_plan_departments,,
"dept_45010","45010",ส่วนสนับสนุนวิชาการ,analytic_plan_departments,dept_45,
"dept_45020","45020",สาขาวิชาทันตแพทย์ศาสตร์,analytic_plan_departments,dept_45,
"dept_45030","45030",ศูนย์วิจัยและนวัตกรรมทางทันตแพทย์,analytic_plan_departments,dept_45,
"dept_45040","45040",ศูนย์บริการทางทันตกรรม,analytic_plan_departments,dept_45,
"dept_46","46",42 บางกอก,analytic_plan_departments,,
"dept_47","47",คณะพยาบาลศาสตร์,analytic_plan_departments,,
"dept_47010","47010",ส่วนสนับสนุนวิชาการ,analytic_plan_departments,dept_47,
"dept_47020","47020",สาขาพยาบาลศาสตร์,analytic_plan_departments,dept_47,
