id,bank_id/id,sequence,name,display_type,lenght,match_group,need_loop,end_line,condition_line,value_type,value_alignment,value_blank_space,value
ktb_format_01,l10n_th_bank_payment_export_ktb.ktb_ipay,10,HEADER,line_section,,,,,,fixed,ljust,,
ktb_format_02,l10n_th_bank_payment_export_ktb.ktb_ipay,11,File Type,,2,,,,,fixed,ljust,,10
ktb_format_03,l10n_th_bank_payment_export_ktb.ktb_ipay,12,Record Type,,1,,,,,fixed,ljust,,1
ktb_format_04,l10n_th_bank_payment_export_ktb.ktb_ipay,13,Batch Number,,6,,,,,fixed,rjust,0,1
ktb_format_05,l10n_th_bank_payment_export_ktb.ktb_ipay,14,Sending Bank Code,,3,,,,,fixed,rjust,0,6
ktb_format_06,l10n_th_bank_payment_export_ktb.ktb_ipay,15,Total Transaction in Batch,,7,,,,,dynamic,rjust,0,str(len(line.ids))
ktb_format_07,l10n_th_bank_payment_export_ktb.ktb_ipay,16,Total Amount,,19,,,,,dynamic,rjust,0,"str(int(round(rec.total_amount * 100, 2)))"
ktb_format_08,l10n_th_bank_payment_export_ktb.ktb_ipay,17,Effective Date,,8,,,,,dynamic,ljust,,"rec.effective_date.strftime(""%d%m%Y"")"
ktb_format_09,l10n_th_bank_payment_export_ktb.ktb_ipay,18,Transaction Code,,1,,,,,fixed,ljust,,C
ktb_format_10,l10n_th_bank_payment_export_ktb.ktb_ipay,19,Receiver No.,,8,,,,,fixed,rjust,0,
ktb_format_11,l10n_th_bank_payment_export_ktb.ktb_ipay,20,Company ID,,16,,,,,dynamic,ljust,,rec.ktb_company_id
ktb_format_12,l10n_th_bank_payment_export_ktb.ktb_ipay,21,User ID,,20,,,,,fixed,ljust,,
ktb_format_13,l10n_th_bank_payment_export_ktb.ktb_ipay,22,Fillers,,407,,,TRUE,,fixed,ljust,,
ktb_format_14,l10n_th_bank_payment_export_ktb.ktb_ipay,24,DETAILS,line_section,,,,,,fixed,ljust,,
ktb_format_15,l10n_th_bank_payment_export_ktb.ktb_ipay,25,File Type,,2,line,TRUE,,,fixed,ljust,,10
ktb_format_16,l10n_th_bank_payment_export_ktb.ktb_ipay,26,Record Type,,1,line,TRUE,,,fixed,ljust,,2
ktb_format_17,l10n_th_bank_payment_export_ktb.ktb_ipay,27,Batch No.,,6,line,TRUE,,,fixed,rjust,0,1
ktb_format_18,l10n_th_bank_payment_export_ktb.ktb_ipay,28,Receiving Bank,,3,line,TRUE,,,dynamic,ljust,,"line.payment_partner_bank_id.bank_id.bank_code or """""
ktb_format_19,l10n_th_bank_payment_export_ktb.ktb_ipay,29,Receiving Branch Code,,4,line,TRUE,,"line.payment_bank_id.bic != ""GSBATHBK""",dynamic,ljust,,"line.payment_partner_bank_id.bank_id.bank_branch_code or """""
ktb_format_20,l10n_th_bank_payment_export_ktb.ktb_ipay,29,Receiving Branch Code,,4,line,TRUE,,"line.payment_bank_id.bic == ""GSBATHBK""",dynamic,ljust,,line._get_receiver_branch_code_gsb()
ktb_format_21,l10n_th_bank_payment_export_ktb.ktb_ipay,30,Receiving A/C,,11,line,TRUE,,,dynamic,rjust,0,line._get_acc_number_digit(line.payment_partner_bank_id)
ktb_format_22,l10n_th_bank_payment_export_ktb.ktb_ipay,31,Sending Bank Code,,3,line,TRUE,,,fixed,rjust,0,6
ktb_format_23,l10n_th_bank_payment_export_ktb.ktb_ipay,32,Sending Branch Code,,4,line,TRUE,,,dynamic,rjust,0,"line.sending_bank_id.bank_branch_code or """""
ktb_format_24,l10n_th_bank_payment_export_ktb.ktb_ipay,33,Sending A/C,,11,line,TRUE,,,dynamic,rjust,0,line.sanitize_account_number(line.sending_acc_number)
ktb_format_25,l10n_th_bank_payment_export_ktb.ktb_ipay,34,Effective Date,,8,line,TRUE,,,dynamic,ljust,,"rec.effective_date.strftime(""%d%m%Y"")"
ktb_format_26,l10n_th_bank_payment_export_ktb.ktb_ipay,35,Service Type,,2,line,TRUE,,,dynamic,ljust,,"rec.ktb_bank_type == ""standard"" and rec.ktb_service_type_standard or rec.ktb_service_type_direct"
ktb_format_27,l10n_th_bank_payment_export_ktb.ktb_ipay,36,Clearing House Code,,2,line,TRUE,,,fixed,rjust,0,
ktb_format_28,l10n_th_bank_payment_export_ktb.ktb_ipay,37,Amount,,17,line,TRUE,,,dynamic,rjust,0,"str(int(round(line.payment_amount * 100, 2)))"
ktb_format_29,l10n_th_bank_payment_export_ktb.ktb_ipay,38,Receiver Info.,,8,line,TRUE,,,fixed,ljust,,
ktb_format_30,l10n_th_bank_payment_export_ktb.ktb_ipay,39,Receiver ID,,10,line,TRUE,,,fixed,rjust,0,
ktb_format_31,l10n_th_bank_payment_export_ktb.ktb_ipay,40,Receiver Name,,100,line,TRUE,,,dynamic,ljust,,line.payment_partner_bank_id.acc_holder_name or line.payment_partner_bank_id.partner_id.display_name
ktb_format_32,l10n_th_bank_payment_export_ktb.ktb_ipay,41,Sender Name,,100,line,TRUE,,,dynamic,ljust,,rec.ktb_sender_name
ktb_format_33,l10n_th_bank_payment_export_ktb.ktb_ipay,42,Other Info 1,,40,line,TRUE,,,fixed,ljust,,
ktb_format_34,l10n_th_bank_payment_export_ktb.ktb_ipay,43,DDA Ref 1,,18,line,TRUE,,,fixed,ljust,,
ktb_format_35,l10n_th_bank_payment_export_ktb.ktb_ipay,44,Reserve Field,,2,line,TRUE,,,fixed,ljust,,
ktb_format_36,l10n_th_bank_payment_export_ktb.ktb_ipay,45,Ref No./ DDA Ref 2,,18,line,TRUE,,,dynamic,ljust,,line.payment_id.name
ktb_format_37,l10n_th_bank_payment_export_ktb.ktb_ipay,46,Reserve Field,,2,line,TRUE,,,fixed,ljust,,
ktb_format_38,l10n_th_bank_payment_export_ktb.ktb_ipay,47,Other Info 2,,20,line,TRUE,,,fixed,ljust,,
ktb_format_39,l10n_th_bank_payment_export_ktb.ktb_ipay,48,Ref Running Number,,6,line,TRUE,,,dynamic,rjust,0,str(idx_line+1)
ktb_format_40,l10n_th_bank_payment_export_ktb.ktb_ipay,49,Status,,2,line,TRUE,,,fixed,rjust,0,9
ktb_format_41,l10n_th_bank_payment_export_ktb.ktb_ipay,50,E-mail Address,,40,line,TRUE,,,fixed,ljust,,
ktb_format_42,l10n_th_bank_payment_export_ktb.ktb_ipay,51,SMS/Mobile Phone,,20,line,TRUE,,,fixed,ljust,,
ktb_format_43,l10n_th_bank_payment_export_ktb.ktb_ipay,52,Receiving Sub-Branch Code,,4,line,TRUE,,,fixed,rjust,0,
ktb_format_44,l10n_th_bank_payment_export_ktb.ktb_ipay,53,Fillers,,34,line,TRUE,TRUE,,fixed,ljust,,
ktb_hdt_01,l10n_th_bank_payment_export_ktb.ktb_hdt,10,HEADER,line_section,,,,,,fixed,ljust,,
ktb_hdt_02,l10n_th_bank_payment_export_ktb.ktb_hdt,11,Record Type,,1,,,,,fixed,ljust,,H
ktb_hdt_03,l10n_th_bank_payment_export_ktb.ktb_hdt,12,Running Number,,6,,,,,fixed,rjust,0,1
ktb_hdt_04,l10n_th_bank_payment_export_ktb.ktb_hdt,13,Sending Bank Code,,3,,,,,fixed,ljust,,006
ktb_hdt_05,l10n_th_bank_payment_export_ktb.ktb_hdt,14,Sending A/C,,10,,,,,dynamic,rjust,0,rec.export_line_ids[:1].sanitize_account_number(rec.export_line_ids[:1].sending_acc_number)
ktb_hdt_06,l10n_th_bank_payment_export_ktb.ktb_hdt,15,Company Name,,25,,,,,dynamic,ljust,,rec.ktb_sender_name or rec.company_id.name
ktb_hdt_07,l10n_th_bank_payment_export_ktb.ktb_hdt,16,Effective Date,,6,,,,,dynamic,ljust,,"rec.effective_date.strftime(""%d%m%y"")"
ktb_hdt_08,l10n_th_bank_payment_export_ktb.ktb_hdt,17,Reserved,,1,,,,,fixed,ljust,,
ktb_hdt_09,l10n_th_bank_payment_export_ktb.ktb_hdt,18,Filler,,76,,,TRUE,,fixed,ljust,0,
ktb_hdt_10,l10n_th_bank_payment_export_ktb.ktb_hdt,20,DETAILS,line_section,,,,,,fixed,ljust,,
ktb_hdt_11,l10n_th_bank_payment_export_ktb.ktb_hdt,21,Record Type,,1,line,TRUE,,,fixed,ljust,,D
ktb_hdt_12,l10n_th_bank_payment_export_ktb.ktb_hdt,22,Running Number,,6,line,TRUE,,,dynamic,rjust,0,str(idx_line+2)
ktb_hdt_13,l10n_th_bank_payment_export_ktb.ktb_hdt,23,Receiving Bank Code,,3,line,TRUE,,,dynamic,ljust,,"line.payment_partner_bank_id.bank_id.bank_code or """""
ktb_hdt_14,l10n_th_bank_payment_export_ktb.ktb_hdt,24,Receiving A/C,,10,line,TRUE,,,dynamic,rjust,0,line.sanitize_account_number(line.payment_partner_bank_id.acc_number)
ktb_hdt_15,l10n_th_bank_payment_export_ktb.ktb_hdt,25,Transaction Code,,1,line,TRUE,,,fixed,ljust,,C
ktb_hdt_16,l10n_th_bank_payment_export_ktb.ktb_hdt,26,Amount,,13,line,TRUE,,,dynamic,rjust,0,"str(int(round(line.payment_amount * 100, 2)))"
ktb_hdt_17,l10n_th_bank_payment_export_ktb.ktb_hdt,27,Filler,,94,line,TRUE,TRUE,,fixed,ljust,0,
ktb_hdt_18,l10n_th_bank_payment_export_ktb.ktb_hdt,30,TRAILER,line_section,,,,,,fixed,ljust,,
ktb_hdt_19,l10n_th_bank_payment_export_ktb.ktb_hdt,31,Record Type,,1,,,,,fixed,ljust,,T
ktb_hdt_20,l10n_th_bank_payment_export_ktb.ktb_hdt,32,Total Record Count,,6,,,,,dynamic,rjust,0,str(len(rec.export_line_ids)+2)
ktb_hdt_21,l10n_th_bank_payment_export_ktb.ktb_hdt,33,Sending Bank Code,,3,,,,,fixed,ljust,,006
ktb_hdt_22,l10n_th_bank_payment_export_ktb.ktb_hdt,34,Sending A/C,,10,,,,,dynamic,rjust,0,rec.export_line_ids[:1].sanitize_account_number(rec.export_line_ids[:1].sending_acc_number)
ktb_hdt_23,l10n_th_bank_payment_export_ktb.ktb_hdt,35,Reserved,,21,,,,,fixed,ljust,0,
ktb_hdt_24,l10n_th_bank_payment_export_ktb.ktb_hdt,36,Transaction Count,,6,,,,,dynamic,rjust,0,str(len(rec.export_line_ids))
ktb_hdt_25,l10n_th_bank_payment_export_ktb.ktb_hdt,37,Total Amount,,13,,,,,dynamic,rjust,0,"str(int(round(rec.total_amount * 100, 2)))"
ktb_hdt_26,l10n_th_bank_payment_export_ktb.ktb_hdt,38,Filler,,68,,,TRUE,,fixed,ljust,0,
