"id","name","code","parent_id"
"01",คณะวิศวกรรมศาสตร์,"01",
"01030",ภาควิชาวิศวกรรมเกษตร,"01030",คณะวิศวกรรมศาสตร์
"01040",ภาควิชาวิศวกรรมคอมพิวเตอร์,"01040",คณะวิศวกรรมศาสตร์
"01050",ภาควิชาวิศวกรรมเคมี,"01050",คณะวิศวกรรมศาสตร์
"01060",ภาควิชาวิศวกรรมเครื่องกล,"01060",คณะวิศวกรรมศาสตร์
"01070",ภาควิชาวิศวกรรมโทรคมนาคม,"01070",คณะวิศวกรรมศาสตร์
"01080",ภาควิชาวิศวกรรมไฟฟ้า,"01080",คณะวิศวกรรมศาสตร์
"01090",ภาควิชาวิศวกรรมโยธา,"01090",คณะวิศวกรรมศาสตร์
"01120",ภาควิชาวิศวกรรมอาหาร,"01120",คณะวิศวกรรมศาสตร์
"01130",ภาควิชาวิศวกรรมอิเล็กทรอนิกส์,"01130",คณะวิศวกรรมศาสตร์
"01160",ภาควิชาวิศวกรรมอุตสาหการ,"01160",คณะวิศวกรรมศาสตร์
"01170",ส่วนสนับสนุนวิชาการ,"01170",คณะวิศวกรรมศาสตร์
"01280",ภาควิชาวิศวกรรมการวัดและควบคุม,"01280",คณะวิศวกรรมศาสตร์
"01290",ภาควิชาวิศวกรรมชีวการแพทย์,"01290",คณะวิศวกรรมศาสตร์
"01300",ศูนย์พัฒนานวัตกรรมและบริการทางวิศวกรรม,"01300",คณะวิศวกรรมศาสตร์
"01310",สำนักงานบริหารหลักสูตรวิศวกรรมสหวิทยาการนานาชาติ,"01310",คณะวิศวกรรมศาสตร์
"01320",ภาควิชาวิศวกรรมหุ่นยนต์และปัญญาประดิษฐ์,"01320",คณะวิศวกรรมศาสตร์
"02",คณะสถาปัตยกรรม ศิลปะและการออกแบบ,"02",
"02020",ภาควิชาศิลปอุตสาหกรรม,"02020",คณะสถาปัตยกรรม ศิลปะและการออกแบบ
"02040",ภาควิชาสถาปัตยกรรมภายใน,"02040",คณะสถาปัตยกรรม ศิลปะและการออกแบบ
"02050",ภาควิชานิเทศศิลป์,"02050",คณะสถาปัตยกรรม ศิลปะและการออกแบบ
"02090",ส่วนสนับสนุนวิชาการ,"02090",คณะสถาปัตยกรรม ศิลปะและการออกแบบ
"02130",ภาควิชาสถาปัตยกรรมและการวางแผน,"02130",คณะสถาปัตยกรรม ศิลปะและการออกแบบ
"02140",ภาควิชาศิลปกรรม,"02140",คณะสถาปัตยกรรม ศิลปะและการออกแบบ
"02160",ศูนย์บูรณาการเทคโนโลยีเพื่อการแก้ไขปัญหาประเทศ,"02160",คณะสถาปัตยกรรม ศิลปะและการออกแบบ
"02180",ศูนย์วิจัยและการออกแบบงานสร้างสรรค์,"02180",คณะสถาปัตยกรรม ศิลปะและการออกแบบ
"02200",สำนักงานบริหารหลักสูตรสถาปัตยกรรมสหวิทยาการนานาชาติ,"02200",คณะสถาปัตยกรรม ศิลปะและการออกแบบ
"03",คณะครุศาสตร์อุตสาหกรรมและเทคโนโลยี,"03",
"03020",ภาควิชาครุศาสตร์อุตสาหกรรม,"03020",คณะครุศาสตร์อุตสาหกรรมและเทคโนโลยี
"03040",ภาควิชาครุศาสตร์เกษตร,"03040",คณะครุศาสตร์อุตสาหกรรมและเทคโนโลยี
"03050",ภาควิชาครุศาสตร์วิศวกรรม,"03050",คณะครุศาสตร์อุตสาหกรรมและเทคโนโลยี
"03070",ส่วนสนับสนุนวิชาการ,"03070",คณะครุศาสตร์อุตสาหกรรมและเทคโนโลยี
"03130",ศูนย์นวัตกรรมและเทคโนโลยีทางการศึกษา,"03130",คณะครุศาสตร์อุตสาหกรรมและเทคโนโลยี
"03140",ภาควิชาครุศาสตร์สถาปัตยกรรมและการออกแบบ,"03140",คณะครุศาสตร์อุตสาหกรรมและเทคโนโลยี
"03150",สำนักงานนานาชาติครุศาสตร์อุตสาหกรรมและเทคโนโลยี,"03150",คณะครุศาสตร์อุตสาหกรรมและเทคโนโลยี
"04",คณะเทคโนโลยีการเกษตร,"04",
"04040",ภาควิชาเทคโนโลยีการผลิตพืช,"04040",คณะเทคโนโลยีการเกษตร
"04110",ส่วนสนับสนุนวิชาการ,"04110",คณะเทคโนโลยีการเกษตร
"04150",ศูนย์วิจัยร่วมภาครัฐและเอกชน,"04150",คณะเทคโนโลยีการเกษตร
"04160",ภาควิชาเทคโนโลยีการผลิตสัตว์และประมง,"04160",คณะเทคโนโลยีการเกษตร
"04170",ภาควิชานวัตกรรมการสื่อสารและพัฒนาการเกษตร,"04170",คณะเทคโนโลยีการเกษตร
"04180",สำนักงานบริหารหลักสูตรสหวิทยาการเทคโนโลยีการเกษตร,"04180",คณะเทคโนโลยีการเกษตร
"05",คณะวิทยาศาสตร์,"05",
"05100",ส่วนสนับสนุนวิชาการ,"05100",คณะวิทยาศาสตร์
"05170",ศูนย์เครื่องมือวิทยาศาสตร์,"05170",คณะวิทยาศาสตร์
"05180",ภาควิชาฟิสิกส์,"05180",คณะวิทยาศาสตร์
"05190",ภาควิชาคณิตศาสตร์,"05190",คณะวิทยาศาสตร์
"05200",ภาควิชาวิทยาการคอมพิวเตอร์,"05200",คณะวิทยาศาสตร์
"05210",ภาควิชาสถิติ,"05210",คณะวิทยาศาสตร์
"05220",ภาควิชาชีววิทยา,"05220",คณะวิทยาศาสตร์
"05230",ภาควิชาเคมี,"05230",คณะวิทยาศาสตร์
"05240",ศูนย์วิเคราะห์ข้อมูลดิจิทัลอัจฉริยะพระจอมเกล้าลาดกระบัง,"05240",คณะวิทยาศาสตร์
"06",คณะเทคโนโลยีสารสนเทศ,"06",
"06030",ส่วนสนับสนุนวิชาการ,"06030",คณะเทคโนโลยีสารสนเทศ
"06040",สาขาวิชาเทคโนโลยีสารสนเทศ,"06040",คณะเทคโนโลยีสารสนเทศ
"06050",ศูนย์ความเป็นเลิศทางเทคโนโลยีเชิงลึก,"06050",คณะเทคโนโลยีสารสนเทศ
"08",สำนักทะเบียนและบริการการศึกษา,"08",
"09",สำนักบริหารข้อมูลดิจิทัลพระจอมเกล้าเจ้าคุณทหารลาดกระบัง,"09",
"10",สำนักการเรียนรู้ตลอดชีวิตพระจอมเกล้าเจ้าคุณทหารลาดกระบัง,"10",
"11",วิทยาเขตชุมพรเขตรอุดมศักดิ์,"11",
"11080",ส่วนบริหารงานทั่วไป,"11080",วิทยาเขตชุมพรเขตรอุดมศักดิ์
"11090",ส่วนวิทยบริการ,"11090",วิทยาเขตชุมพรเขตรอุดมศักดิ์
"11100",ส่วนบริหารธุรกิจ,"11100",วิทยาเขตชุมพรเขตรอุดมศักดิ์
"11140",ภาควิชาพื้นฐานทั่วไป,"11140",วิทยาเขตชุมพรเขตรอุดมศักดิ์
"11150",ภาควิชาวิศวกรรมศาสตร์,"11150",วิทยาเขตชุมพรเขตรอุดมศักดิ์
"11160",ภาควิชาเทคโนโลยีการเกษตร,"11160",วิทยาเขตชุมพรเขตรอุดมศักดิ์
"17",คณะอุตสาหกรรมอาหาร,"17",
"17030",ส่วนสนับสนุนวิชาการ,"17030",คณะอุตสาหกรรมอาหาร
"17040",สาขาวิชาอุตสาหกรรมเกษตร,"17040",คณะอุตสาหกรรมอาหาร
"17050",สาขาวิชาเทคโนโลยีการหมัก,"17050",คณะอุตสาหกรรมอาหาร
"17060",สาขาวิชาวิศวกรรมแปรรูปอาหาร,"17060",คณะอุตสาหกรรมอาหาร
"17070",ศูนย์วิจัยและพัฒนาอุตสาหกรรมอาหาร,"17070",คณะอุตสาหกรรมอาหาร
"17080",ศูนย์ห้องปฏิบัติการกลาง,"17080",คณะอุตสาหกรรมอาหาร
"31",วิทยาลัยเทคโนโลยีและนวัตกรรมวัสดุ,"31",
"31020",ศูนย์วิจัยร่วมภาครัฐและเอกชน,"31020",วิทยาลัยเทคโนโลยีและนวัตกรรมวัสดุ
"31030",ส่วนสนับสนุนวิชาการ,"31030",วิทยาลัยเทคโนโลยีและนวัตกรรมวัสดุ
"31040",ศูนย์วิจัยนาโนเทคโนโลยีเพื่อการเกษตร,"31040",วิทยาลัยเทคโนโลยีและนวัตกรรมวัสดุ
"31050",ภาควิชานาโนวิทยาและนาโนเทคโนโลยี,"31050",วิทยาลัยเทคโนโลยีและนวัตกรรมวัสดุ
"32",วิทยาลัยนวัตกรรมการผลิตขั้นสูง,"32",
"32020",ศูนย์วิจัยร่วมภาครัฐและเอกชน,"32020",วิทยาลัยนวัตกรรมการผลิตขั้นสูง
"32030",ส่วนสนับสนุนวิชาการ,"32030",วิทยาลัยนวัตกรรมการผลิตขั้นสูง
"32040",ภาควิชาเทคโนโลยีระบบการผลิต,"32040",วิทยาลัยนวัตกรรมการผลิตขั้นสูง
"33",สำนักงานสภาสถาบัน,"33",
"33030",งานบริหารงานทั่วไป,"33030",สำนักงานสภาสถาบัน
"33040",งานประชุม สรรหาและแต่งตั้ง,"33040",สำนักงานสภาสถาบัน
"33050",งานวิเคราะห์ ติดตามนโยบายและประเมินผล,"33050",สำนักงานสภาสถาบัน
"33060",งานตรวจสอบ,"33060",สำนักงานสภาสถาบัน
"34",วิทยาลัยนานาชาติ,"34",
"36",คณะบริหารธุรกิจ,"36",
"36010",ส่วนสนับสนุนวิชาการ,"36010",คณะบริหารธุรกิจ
"36060",ศูนย์บริการวิชาการด้านการบริหารธุรกิจและการจัดการ,"36060",คณะบริหารธุรกิจ
"36090",สาขาวิชาบริหารธุรกิจและเศรษฐศาสตร์,"36090",คณะบริหารธุรกิจ
"37",สำนักวิชาศึกษาทั่วไป,"37",
"38",คณะแพทยศาสตร์,"38",
"38010",ส่วนสนับสนุนวิชาการ,"38010",คณะแพทยศาสตร์
"38020",สาขาวิชาแพทยศาสตร์,"38020",คณะแพทยศาสตร์
"38030",ศูนย์บริการทางการแพทย์,"38030",คณะแพทยศาสตร์
"38040",ศูนย์วิจัยและนวัตกรรมแพทย์ สจล.โรงพยาบาลสิรินธร,"38040",คณะแพทยศาสตร์
"39",วิทยาลัยการจัดการนวัตกรรมและอุตสาหกรรม,"39",
"39010",สำนักงานวิทยาลัยวิจัยนวัตกรรมทางการศึกษา,"39010",วิทยาลัยการจัดการนวัตกรรมและอุตสาหกรรม
"39010",สํานักงานวิทยาลัยวิจัยนวัตกรรมทางการศึกษา,"39010",วิทยาลัยการจัดการนวัตกรรมและอุตสาหกรรม
"39020",ภาควิชาการศึกษาขั้นพื้นฐาน,"39020",วิทยาลัยการจัดการนวัตกรรมและอุตสาหกรรม
"39030",ภาควิชาวิจัยและพัฒนานวัตกรรม,"39030",วิทยาลัยการจัดการนวัตกรรมและอุตสาหกรรม
"39050",ศูนย์วิจัยนวัตกรรมทางการศึกษา,"39050",วิทยาลัยการจัดการนวัตกรรมและอุตสาหกรรม
"40",วิทยาลัยอุตสาหกรรมการบินนานาชาติ,"40",
"40010",ส่วนสนับสนุนวิชาการ,"40010",วิทยาลัยอุตสาหกรรมการบินนานาชาติ
"40020",ภาควิชาวิศวกรรมการบิน,"40020",วิทยาลัยอุตสาหกรรมการบินนานาชาติ
"40030",ภาควิชานวัตกรรมการจัดการอุตสาหกรรมการบินและการบริการ,"40030",วิทยาลัยอุตสาหกรรมการบินนานาชาติ
"40040",ศูนย์นวัตกรรมการบินและบริการ,"40040",วิทยาลัยอุตสาหกรรมการบินนานาชาติ
"41",คณะศิลปศาสตร์,"41",
"41010",ส่วนสนับสนุนวิชาการ,"41010",คณะศิลปศาสตร์
"41020",ภาควิชาภาษา,"41020",คณะศิลปศาสตร์
"41030",ภาควิชามนุษยศาสตร์และสังคมศาสตร์,"41030",คณะศิลปศาสตร์
"41040",ศูนย์ภาษาพระจอมเกล้าลาดกระบัง,"41040",คณะศิลปศาสตร์
"42",วิทยาลัยวิศวกรรมสังคีต,"42",
"42010",ส่วนสนับสนุนวิชาการ,"42010",วิทยาลัยวิศวกรรมสังคีต
"42020",สาขาวิชาวิศวกรรมดนตรีและสื่อประสม,"42020",วิทยาลัยวิศวกรรมสังคีต
"42030",สาขาวิชาวิศวกรรมเสียงและการออกแบบ,"42030",วิทยาลัยวิศวกรรมสังคีต
"42040",ศูนย์วิจัยและพัฒนานวัตกรรม,"42040",วิทยาลัยวิศวกรรมสังคีต
"43",สำนักวิจัยนวัตกรรมเมืองอัจฉริยะ,"43",
"44",โรงพยาบาลพระจอมเกล้าเจ้าคุณทหาร,"44",
"44010",ส่วนบริหารงานทั่วไป,"44010",โรงพยาบาลพระจอมเกล้าเจ้าคุณทหาร
"44020",ฝ่ายบริการทางการแพทย์,"44020",โรงพยาบาลพระจอมเกล้าเจ้าคุณทหาร
"45",คณะทันตแพทยศาสตร์,"45",
"45010",ส่วนสนับสนุนวิชาการ,"45010",คณะทันตแพทยศาสตร์
"45020",สาขาวิชาทันตแพทยศาสตร์,"45020",คณะทันตแพทยศาสตร์
"45030",ศูนย์วิจัยและนวัตกรรมทางทันตแพทย์,"45030",คณะทันตแพทยศาสตร์
"45040",ศูนย์บริการทางทันตกรรม,"45040",คณะทันตแพทยศาสตร์
"46",42 บางกอก,"46",
"47",คณะพยาบาลศาสตร์,"47",
"47010",ส่วนสนับสนุนวิชาการ,"47010",คณะพยาบาลศาสตร์
"47020",สาขาวิชาพยาบาลศาสตร์,"47020",คณะพยาบาลศาสตร์
"48",คณะเทคโนโลยีนวัตกรรมบูรณาการ,"48",
"48010",ภาควิชาเทคโนโลยีระบบการผลิต,"48010",คณะเทคโนโลยีนวัตกรรมบูรณาการ
"48020",ภาควิชานาโนวิทยาและนาโนเทคโนโลยี,"48020",คณะเทคโนโลยีนวัตกรรมบูรณาการ
"48060",ส่วนสนับสนุนวิชาการ,"48060",คณะเทคโนโลยีนวัตกรรมบูรณาการ
"89",สำนักงานอธิการบดี,"89",
"89310",สำนักงานบริหารวิชาการและคุณภาพการศึกษา,"89310",สำนักงานอธิการบดี
"89320",สำนักงานกิจการต่างประเทศ,"89320",สำนักงานอธิการบดี
"89330",สำนักงานกิจการนักศึกษาและศิษย์เก่าสัมพันธ์,"89330",สำนักงานอธิการบดี
"89340",สำนักงานบริหารยุทธศาสตร์,"89340",สำนักงานอธิการบดี
"89350",สำนักงานนิติการ,"89350",สำนักงานอธิการบดี
"89360",สำนักงานบริหารงานทั่วไปและกิจการพิเศษ,"89360",สำนักงานอธิการบดี
"89370",สำนักงานบริหารทรัพยากรบุคคล,"89370",สำนักงานอธิการบดี
"89380",สำนักงานคลัง,"89380",สำนักงานอธิการบดี
"89390",สำนักงานบริหารทรัพยากรกายภาพและสิ่งแวดล้อม,"89390",สำนักงานอธิการบดี
"89400",สำนักงานพัสดุ,"89400",สำนักงานอธิการบดี
"89410",สำนักงานบริหารทรัพย์สิน,"89410",สำนักงานอธิการบดี
"89420",โรงเรียนสาธิตนานาชาติ สถาบันเทคโนโลยีพระจอมเกล้าเจ้าคุณทหารลาดกระบัง,"89420",
"89430",สถาบันโคเซ็นแห่งสถาบันเทคโนโลยีพระจอมเกล้าเจ้าคุณทหารลาดกระบัง,"89430",
"89430-1",สาขาวิชาวิศวกรรมแมคคาทรอนิกส์,"89430-1",สถาบันโคเซ็นแห่งสถาบันเทคโนโลยีพระจอมเกล้าเจ้าคุณทหารลาดกระบัง
"89430-2",สาขาวิชาวิศวกรรมคอมพิวเตอร์,"89430-2",สถาบันโคเซ็นแห่งสถาบันเทคโนโลยีพระจอมเกล้าเจ้าคุณทหารลาดกระบัง
"89430-3",สาขาวิชาวิศกรรมไฟฟ้าและอิเล็กทรอนิกส์,"89430-3",สถาบันโคเซ็นแห่งสถาบันเทคโนโลยีพระจอมเกล้าเจ้าคุณทหารลาดกระบัง
"89430-4",สาขาวิชาวิศวกรรมนวัตกรรมชั้นสูง (ต่อเนื่อง),"89430-4",สถาบันโคเซ็นแห่งสถาบันเทคโนโลยีพระจอมเกล้าเจ้าคุณทหารลาดกระบัง
"89430-5",สาขาวิชาคณิตศาสตร์และวิทยาศาสตร์,"89430-5",สถาบันโคเซ็นแห่งสถาบันเทคโนโลยีพระจอมเกล้าเจ้าคุณทหารลาดกระบัง
"89430-6",สาขาวิชาศึกษาทั่วไป,"89430-6",สถาบันโคเซ็นแห่งสถาบันเทคโนโลยีพระจอมเกล้าเจ้าคุณทหารลาดกระบัง
"89430-7",ศูนย์บริการวิชาการ KOSEN-KMITL,"89430-7",สถาบันโคเซ็นแห่งสถาบันเทคโนโลยีพระจอมเกล้าเจ้าคุณทหารลาดกระบัง
"89430-8",ส่วนสนับสนุนวิชาการ,"89430-8",สถาบันโคเซ็นแห่งสถาบันเทคโนโลยีพระจอมเกล้าเจ้าคุณทหารลาดกระบัง
"89440",สำนักงานบริหารวารสารวิชาการ,"89440",สำนักงานอธิการบดี
"89450",สำนักงานสื่อสารองค์กร,"89450",สำนักงานอธิการบดี
"99",สำนักบริหารงานวิจัยและนวัตกรรมพระจอมเกล้าลาดกระบัง,"99",
"99040",งานบริการวิชาการ,"99040",สำนักบริหารงานวิจัยและนวัตกรรมพระจอมเกล้าลาดกระบัง
"99060",งานบริหารงานวิจัย,"99060",สำนักบริหารงานวิจัยและนวัตกรรมพระจอมเกล้าลาดกระบัง
"99070",งานจัดการทรัพย์สินทางปัญญา,"99070",สำนักบริหารงานวิจัยและนวัตกรรมพระจอมเกล้าลาดกระบัง
"99080",งานส่งเสริมและสนับสนุนนโยบายภาครัฐและเอกชนเชิงรุก,"99080",สำนักบริหารงานวิจัยและนวัตกรรมพระจอมเกล้าลาดกระบัง
"kmitl",สถาบันเทคโนโลยีพระจอมเกล้าเจ้าคุณทหารลาดกระบัง,,
"37001",ส่วนสนับสนุนวิชาการ,,วิทยาลัยการจัดการนวัตกรรมและอุตสาหกรรม