id,budget_type,code,name,parent_id/id,note,active,fund_analytic_ids/id
budget_account_51000,expense,51000,งบบุคลากร,,,true,
budget_account_51100,expense,51100,ค่าใช้จ่ายบุคลากร,budget_account_51000,,true,
budget_account_5101010000,expense,5101010000,เงินเดือนและค่าจ้าง,budget_account_51100,,true,
budget_account_5101010001,expense,5101010001,เงินเดือน,budget_account_5101010000,,true,
budget_account_5101010002,expense,5101010002,ค่าจ้างประจำ,budget_account_5101010000,,true,
budget_account_5101010003,expense,5101010003,ค่าจ้างชั่วคราว,budget_account_5101010000,,true,
budget_account_5101010004,expense,5101010004,เงินประจำตำแหน่งผู้บริหาร,budget_account_5101010000,"สำหรับข้าราชการ/พนักงานเงินงบประมาณที่ไม่สามารถเบิกเงินงบประมาณแผ่นดินได้ และพนักงานเงินรายได้",true,
budget_account_5101010005,expense,5101010005,เงินประจำตำแหน่งวิชาชีพเฉพาะ/ชำนาญการ,budget_account_5101010000,,true,
budget_account_5101010006,expense,5101010006,เงินประจำตำแหน่งทางวิชาการ ผศ./รศ./ศ.,budget_account_5101010000,,true,
budget_account_5101010007,expense,5101010007,เงินประจำตำแหน่งผู้เชี่ยวชาญ,budget_account_5101010000,,true,
budget_account_5101010009,expense,5101010009,ค่าครองชีพลูกจ้างชั่วคราวเงินรายได้,budget_account_5101010000,,true,
budget_account_5101010011,expense,5101010011,เงินตอบแทนพิเศษของข้าราชการผู้ได้รับเงินเดือนถึงขั้นสูงของอันดับ-172-330,budget_account_5101010000,,true,
budget_account_5101010012,expense,5101010012,เงินตอบแทนพิเศษของลูกจ้างประจำผู้ได้รับค่าจ้างถึงขั้นสูงของตำแหน่ง-173-340,budget_account_5101010000,,true,
budget_account_5101010013,expense,5101010013,เงินโบนัส,budget_account_5101010000,,true,
budget_account_5101010015,expense,5101010015,เงินรางวัลสำหรับผู้บริหาร,budget_account_5101010000,,true,
budget_account_5101010016,expense,5101010016,เงินรางวัลสำหรับหน่วยงาน,budget_account_5101010000,,true,
budget_account_5101010017,expense,5101010017,ค่าจ้างลูกจ้างสัญญาจ้าง (พนักงานเงินรายได้),budget_account_5101010000,,true,
budget_account_5101010020,expense,5101010020,เงินประจำตำแหน่งวิชาชีพเฉพาะ 120 (เงินงบประมาณและเงินรายได้),budget_account_5101010000,,true,
budget_account_5101010021,expense,5101010021,ค่าครองชีพชั่วคราวสำหรับลูกจ้างประจำ 181,budget_account_5101010000,,true,
budget_account_5101010022,expense,5101010022,ค่าครองชีพชั่วคราวสำหรับข้าราชการ 180,budget_account_5101010000,,true,
budget_account_5101010023,expense,5101010023,เงินสมนาคุณนายกสภา(ส่วนที่ต้องสมทบเงินงบประมาณแผ่นดิน),budget_account_5101010000,,true,
budget_account_5101010025,expense,5101010025,ค่าครองชีพชั่วคราวพนักงานเงินรายได้,budget_account_5101010000,,true,
budget_account_5101010038,expense,5101010038,ค่าจ้างพนักงานสถาบันประเภทพิเศษ,budget_account_5101010000,,true,
budget_account_5101010039,expense,5101010039,ค่าตอบแทนการใช้ภาษาต่างประเทศ,budget_account_5101010000,,true,
budget_account_5101010040,expense,5101010040,ค่าจ้างพนักงานสถาบันประเภทพื้นฐาน,budget_account_5101010000,,true,
budget_account_5101010099,expense,5101010099,เงินเดือนและค่าจ้างอื่น,budget_account_5101010000,,true,
budget_account_51200,expense,51200,ค่าใช้จ่ายบุคลากรอื่น,budget_account_51000,,true,
budget_account_5101020000,expense,5101020000,ค่าใช้จ่ายบุคลากรอื่น,budget_account_51200,,true,
budget_account_5101020001,expense,5101020001,เงินช่วยพิเศษกรณีเสียชีวิต,budget_account_5101020000,,true,
budget_account_5101020002,expense,5101020002,เงินทำขวัญข้าราชการและลูกจ้าง,budget_account_5101020000,,true,
budget_account_5101020003,expense,5101020003,เงินชดเชยสมาชิก กบข.,budget_account_5101020000,,true,
budget_account_5101020004,expense,5101020004,เงินสมทบ กบข.,budget_account_5101020000,,true,
budget_account_5101020005,expense,5101020005,เงินสมทบกองทุนสำรองเลี้ยงชีพลูกจ้างประจำ (กสจ.),budget_account_5101020000,,true,
budget_account_5101020006,expense,5101020006,เงินสมทบกองทุนประกันสังคม (ส่วนของนายจ้าง สำหรับเจ้าตัวตัดจากเงินเดือน),budget_account_5101020000,,true,
budget_account_5101020045,expense,5101020045,เงินสมทบกองทุนสำรองเลี้ยงชีพพนักงานสถาบันฯ (เงินรายได้),budget_account_5101020000,,true,
budget_account_5101020051,expense,5101020051,ค่าเงินชดเชยของพนักงานสถาบัน (เงินรายได้) กรณีเลิกจ้างตามหลักเกณฑ์,budget_account_5101020000,,true,
budget_account_5101020052,expense,5101020052,ค่าใช้จ่ายสมทบกองทุนเพื่อสนับสนุนการบริหารงานบุคคลจากส่วนงาน,budget_account_5101020000,,true,
budget_account_5101020053,expense,5101020053,ค่าใช้จ่ายเงินชดเชยของพนักงานสถาบัน(งบประมาณ)กรณีเลิกจ้างตามหลักเกณฑ์,budget_account_5101020000,,true,
budget_account_5101020055,expense,5101020055,ค่าใช้จ่ายสมทบเงินกองทุนเงินทดแทน (สปส),budget_account_5101020000,,true,
budget_account_5101030100,expense,5101030100,เงินช่วยเหลือพนักงานและครอบครัวด้านการศึกษา,budget_account_51200,,true,
budget_account_5101030101,expense,5101030101,เงินช่วยการศึกษาบุตร,budget_account_5101030100,,true,
budget_account_5101030102,expense,5101030102,เงินช่วยเหลือบุตร,budget_account_5101030100,,true,
budget_account_5101030103,expense,5101030103,เงินช่วยการศึกษาบุตร - ข้าราชการบำนาญ,budget_account_5101030100,,true,
budget_account_5101030200,expense,5101030200,เงินช่วยเหลือพนักงานและครอบครัวด้านค่ารักษาพยาบาล,budget_account_51200,,true,
budget_account_5101030201,expense,5101030201,ค่ารักษาพยาบาล - ขรก-ลปจ ไข้นอกโรงพยาบาลรัฐ,budget_account_5101030200,,true,
budget_account_5101030202,expense,5101030202,ค่ารักษาพยาบาล - ขรก-ลปจ ไข้ในโรงพยาบาลรัฐ,budget_account_5101030200,,true,
budget_account_5101030203,expense,5101030203,ค่ารักษาพยาบาล-ขรก-ลปจ ไข้ในโรงพยาบาลเอกชน,budget_account_5101030200,,true,
budget_account_5101030245,expense,5101030245,ค่าเงินสวัสดิการพนักงานสถาบันฯ (เงินรายได้),budget_account_5101030200,,true,
budget_account_5101030205,expense,5101030205,ค่ารักษาพยาบาล-บำนาญ-ไข้นอกโรงพยาบาลรัฐ,budget_account_5101030200,,true,
budget_account_5101030206,expense,5101030206,ค่ารักษาพยาบาล-บำนาญ-ไข้ในโรงพยาบาลรัฐ,budget_account_5101030200,,true,
budget_account_5101030207,expense,5101030207,ค่ารักษาพยาบาล-บำนาญ-ไข้นอกโรงพยาบาลเอกชน,budget_account_5101030200,,true,
budget_account_5101030208,expense,5101030208,ค่ารักษาพยาบาล-บำนาญ-ไข้ในโรงพยาบาลเอกชน,budget_account_5101030200,,true,
budget_account_5101030209,expense,5101030209,ค่ารักษาพยาบาล-ขรก-ลปจ ไข้นอกโรงพยาบาลเอกชน,budget_account_5101030200,,true,
budget_account_5101040100,expense,5101040100,ค่าบำเหน็จบำนาญ,budget_account_51200,,true,
budget_account_5101040101,expense,5101040101,บำนาญปกติ,budget_account_5101040100,,true,
budget_account_5101040104,expense,5101040104,เงินบำเหน็จ,budget_account_5101040100,,true,
budget_account_5101040105,expense,5101040105,เงินบำเหน็จรายเดือน,budget_account_5101040100,,true,
budget_account_5101040120,expense,5101040120,เงินบำเหน็จตกทอด,budget_account_5101040100,,true,
budget_account_5101040200,expense,5101040200,บำเหน็จดำรงชีพ,budget_account_51200,,true,
budget_account_5101040201,expense,5101040201,เงินช่วยค่าครองชีพผู้รับบำนาญ-926,budget_account_5101040200,,true,
budget_account_5101040202,expense,5101040202,เงินบำเหน็จดำรงชีพ(15%)-9551,budget_account_5101040200,,true,
budget_account_5101040203,expense,5101040203,เงินช่วยเหลือรายเดือนผู้รับเบี้ยหวัดบำนาญ-925,budget_account_5101040200,,true,
budget_account_5101050100,expense,5101050100,บำเหน็จบำนาญอื่น,budget_account_51200,,true,
budget_account_5101050101,expense,5101050101,ปรับมูลค่าการตั้งสำรองสิทธิประโยชน์พนักงาน,budget_account_5101050100,,true,
budget_account_52000,expense,52000,งบดำเนินงาน,,,true,
budget_account_52301,expense,52301,ค่าตอบแทน,budget_account_52000,,true,
budget_account_5230000000,expense,5230000000,ค่าตอบแทนอื่น,budget_account_52301,,true,
budget_account_5101010010,expense,5101010010,ค่าล่วงเวลา,budget_account_5230000000,,true,
budget_account_5101020008,expense,5101020008,ค่าเช่าบ้านข้าราชการ,budget_account_5230000000,,true,
budget_account_5101020009,expense,5101020009,ค่าตอบแทนนายแพทย์,budget_account_5230000000,,true,
budget_account_5101020010,expense,5101020010,ค่าสอนว่ายน้ำ/ผู้ฝึกสอนชมรมกีฬา,budget_account_5230000000,,true,
budget_account_5101020011,expense,5101020011,ค่าตอบแทนวิทยากร,budget_account_5230000000,,true,
budget_account_5101020012,expense,5101020012,ค่าสอนพิเศษนักศึกษาระดับปริญญาตรี,budget_account_5230000000,,true,
budget_account_5101020013,expense,5101020013,ค่าสอนพิเศษนักศึกษาระดับปริญญาโท-เอก,budget_account_5230000000,,true,
budget_account_5101020014,expense,5101020014,ค่าตรวจและประเมินผลงานทางวิชาการ/ปัญหาพิเศษ,budget_account_5230000000,,true,
budget_account_5101020015,expense,5101020015,ค่าตอบแทนเจ้าหน้าที่ปฏิบัติภาคฤดูร้อน,budget_account_5230000000,,true,
budget_account_5101020016,expense,5101020016,ค่าตรวจกระดาษคำตอบนักศึกษาระดับปริญญาตรี,budget_account_5230000000,,true,
budget_account_5101020017,expense,5101020017,ค่าตรวจกระดาษคำตอบนักศึกษาระดับปริญญาโท-เอก,budget_account_5230000000,,true,
budget_account_5101020018,expense,5101020018,ค่าตรวจและคุมวิทยานิพนธ์/โครงการศึกษากรณีพิเศษ,budget_account_5230000000,,true,
budget_account_5101020019,expense,5101020019,ค่าคุมสอบระดับปริญญาตรี (ค่าใช้จ่ายในการดำเนินการจัดสอบประจำภาค),budget_account_5230000000,,true,
budget_account_5101020020,expense,5101020020,ค่าคุมสอบระดับปริญญาโท-เอก (ค่าใช้จ่ายในการดำเนินการจัดสอบประจำภาค),budget_account_5230000000,,true,
budget_account_5101020021,expense,5101020021,ค่าสอบสัมมนาระดับปริญญาโท-เอก (ค่าใช้จ่ายในการดำเนินการจัดสอบประจำภาค),budget_account_5230000000,,true,
budget_account_5101020022,expense,5101020022,ค่าตอบแทนผู้ช่วยคณาจารย์บัณฑิตศึกษา,budget_account_5230000000,,true,
budget_account_5101020023,expense,5101020023,ค่าพิจารณาหัวข้อและเค้าโครงวิทยานิพนธ์/สาระนิพนธ์/ปัญหาพิเศษ,budget_account_5230000000,,true,
budget_account_5101020024,expense,5101020024,ค่าเขียนตำรา,budget_account_5230000000,,true,
budget_account_5101020025,expense,5101020025,ค่าตอบแทนการเสนอบทความทางวิชาการ (ค่าตอบแทนบุคลากรภายในเสนอบทความฯ),budget_account_5230000000,,true,
budget_account_5101020026,expense,5101020026,ค่าตอบแทนอาจารย์ที่ปรึกษา,budget_account_5230000000,,true,
budget_account_5101020027,expense,5101020027,ค่าตอบแทนอาจารย์ที่ปรึกษาชมรม,budget_account_5230000000,,true,
budget_account_5101020028,expense,5101020028,ค่าตรวจบทความของนักศึกษาระดับปริญญาตรี,budget_account_5230000000,,true,
budget_account_5101020029,expense,5101020029,ค่าตรวจบทความของนักศึกษาระดับปริญญาโท-เอก,budget_account_5230000000,,true,
budget_account_5101020030,expense,5101020030,ค่ากรรมการตรวจการจ้าง ควบคุมงานและค่าออกแบบ (บุคคลภายใน),budget_account_5230000000,,true,
budget_account_5101020031,expense,5101020031,ค่าเงินรางวัลกรรมการสอบ,budget_account_5230000000,,true,
budget_account_5101020032,expense,5101020032,ค่าตอบแทนอื่นๆ,budget_account_5230000000,,true,
budget_account_5101020033,expense,5101020033,ค่าใช้จ่ายบุคลากรอื่น (รวมการจ้างพยาบาลภายนอก),budget_account_5230000000,,true,
budget_account_5101020037,expense,5101020037,ค่าตอบแทนนักศึกษาช่วยปฏิบัติงาน,budget_account_5230000000,,true,
budget_account_5101020044,expense,5101020044,ค่าตอบแทนอาจารย์พี่เลี้ยง/บุคลากรพี่เลี้ยง (ให้คำปรึกษาหรือแนะนำการทำงานวิจัยฯลฯ),budget_account_5230000000,,true,
budget_account_5101020046,expense,5101020046,ค่าตอบแทนผู้รับผิดชอบด้านพลังงาน,budget_account_5230000000,,true,
budget_account_5101020104,expense,5101020104,ค่าตอบแทนผู้ทรงคุณวุฒิอ่านบทความวิชาการ (เชิญผู้ทรงคุณวุฒิทั้งภายในและภายนอกอ่านบทความฯ),budget_account_5230000000,,true,
budget_account_5101020106,expense,5101020106,เงินรางวัลให้กับบุคลากรที่ทำชื่อเสียงให้สถาบัน,budget_account_5230000000,,true,
budget_account_5101020114,expense,5101020114,ค่าตอบแทนอาจารย์ผู้ดำเนินการหลักสูตรตามกรอบมาตรฐานอุดมศึกษา,budget_account_5230000000,,true,
budget_account_5101020115,expense,5101020115,ค่าใช้จ่ายเงินสนับสนุนการผลิตตำราและหนังสือที่เผยแพร่แล้ว,budget_account_5230000000,,true,
budget_account_5104030201,expense,5104030201,ค่าเบี้ยประชุม,budget_account_5230000000,,true,
budget_account_5101020117,expense,5101020117,ค่าสมนาคุณผู้ป่วยจำลอง,budget_account_5230000000,,true,
budget_account_5101020118,expense,5101020118,ค่าสมนาคุณกรรมการคุมสอบ,budget_account_5230000000,,true,
budget_account_5101020119,expense,5101020119,ค่าใช้จ่ายเงินสนับสนุนการเรียนกายวิภาคศาสตร์,budget_account_5230000000,,true,
budget_account_5101020120,expense,5101020120,ค่าตอบแทนคณะกรรมการจัดทำวารสารวิชาการ,budget_account_5230000000,,true,
budget_account_5101020121,expense,5101020121,ค่าตอบแทนที่ปรึกษา,budget_account_5230000000,,true,
budget_account_5101020122,expense,5101020122,ค่าป่วยการพยาน,budget_account_5230000000,,true,
budget_account_5101020123,expense,5101020123,ค่าตอบแทนกรรมการสอบประมวลความรู้,budget_account_5230000000,,true,
budget_account_5101020124,expense,5101020124,ค่าตอบแทนกรรมการสอบวัดคุณสมบัติ,budget_account_5230000000,,true,
budget_account_5101020125,expense,5101020125,ค่าตอบแทนกรรมการสอบและคุมการค้นคว้าอิสระ,budget_account_5230000000,,true,
budget_account_5101020126,expense,5101020126,ค่าตอบแทนคณะกรรมการสำหรับประเมินคุณภาพผลงานวิทยานิพนธ์,budget_account_5230000000,,true,
budget_account_5101020127,expense,5101020127,ค่าตอบแทนสำหรับโครงการ K-Engineering WIL,budget_account_5230000000,,true,
budget_account_52400,expense,52400,ค่าใช้สอย,budget_account_52000,,true,
budget_account_5104010200,expense,5104010200,ค่าใช้สอยอื่น,budget_account_52400,,true,
budget_account_5104010201,expense,5104010201,ค่าธรรมเนียม,budget_account_5104010200,"ภาษีรถยนต์ ตรวจสภาพประจำปี บัตร ATM-ID นศ. หนังสือเดินทาง ทางด่วน ฯลฯ",true,
budget_account_5104010202,expense,5104010202,ค่ารับรองและพิธีการ,budget_account_5104010200,,true,
budget_account_5104010203,expense,5104010203,ค่าจ้างเหมาบริการ,budget_account_5104010200,,true,
budget_account_5104010204,expense,5104010204,ค่าซ่อมแซมและบำรุงรักษาครุภัณฑ์,budget_account_5104010200,,true,
budget_account_5104010205,expense,5104010205,ค่าซ่อมแซมและบำรุงรักษายานพาหนะ,budget_account_5104010200,,true,
budget_account_5104010206,expense,5104010206,ค่าซ่อมแซมและบำรุงรักษาสิ่งก่อสร้าง,budget_account_5104010200,,true,
budget_account_5104010207,expense,5104010207,ค่าสมาชิกและแข่งขัน,budget_account_5104010200,,true,
budget_account_5104010208,expense,5104010208,ค่าเช่าทรัพย์สิน,budget_account_5104010200,,true,
budget_account_5104010209,expense,5104010209,ค่าที่พัก อ.พิเศษ / ผู้เชี่ยวชาญต่างประเทศ,budget_account_5104010200,,true,
budget_account_5104010210,expense,5104010210,ค่าเดินทาง อ.พิเศษ/กรรมการตรวจวิทยานิพนธ์,budget_account_5104010200,,true,
budget_account_5104010211,expense,5104010211,ค่าใช้จ่ายในการจัดประชุมที่สถาบันเป็นผู้จัด (ยกเว้นไม่รวมค่าเบี้ยประชุมกรรมการ),budget_account_5104010200,,true,
budget_account_5104010212,expense,5104010212,ค่าธรรมเนียมธนาคาร,budget_account_5104010200,,true,
budget_account_5104010214,expense,5104010214,ค่าใช้จ่ายในการจัดอบรมของหน่วยงาน (หน่วยงานเป็นเจ้าภาพโดยร่วมประชุมวิชาการ ฝึกอบรม),budget_account_5104010200,,true,
budget_account_5104010215,expense,5104010215,ค่าคัดสำเนา/รับรองสำเนา,budget_account_5104010200,,true,
budget_account_5104010216,expense,5104010216,ค่าธรรมเนียมในการตรวจสอบบัญชี,budget_account_5104010200,,true,
budget_account_5104010218,expense,5104010218,ค่าใช้จ่ายในการศึกษาดูงานในหลักสูตรบัณฑิตศึกษา,budget_account_5104010200,,true,
budget_account_5104010285,expense,5104010285,ค่าใช้จ่ายในการตีพิมพ์บทความในวารสารวิชาการระดับนานาชาติ (Page Charge),budget_account_5104010200,,true,
budget_account_5104010291,expense,5104010291,ค่าลิขสิทธิ์ ซอฟแวร์ (หมายถึงการเช่า license ที่มีระยะเวลา 1 ปี),budget_account_5104010200,,true,
budget_account_5104010298,expense,5104010298,ค่าเช่าพื้นที่,budget_account_5104010200,,true,
budget_account_5104010299,expense,5104010299,ค่าใช้สอยอื่น,budget_account_5104010200,,true,
budget_account_5104030202,expense,5104030202,ค่าใช้จ่ายที่ปรึกษา ค่าผู้เชี่ยวชาญ ค่าที่ปรึกษากฎหมาย,budget_account_5104010200,,true,
budget_account_5104030203,expense,5104030203,ค่าเบี้ยประกันภัย,budget_account_5104010200,"เกี่ยวกับอาคาร รถยนต์ ผู้ที่เดินทางไปต่างประเทศ ฯลฯ",true,
budget_account_5104010219,expense,5104010219,ค่าชาร์จพลังงานไฟฟ้า,budget_account_5104010200,,true,
budget_account_5104010220,expense,5104010220,ค่าของที่ระลึก,budget_account_5104010200,,true,
budget_account_5102010000,expense,5102010000,ค่าใช้จ่ายด้านการฝึกอบรมภายในประเทศ,budget_account_52400,,true,
budget_account_5102010001,expense,5102010001,ค่าหลักสูตร,budget_account_5102010000,,true,
budget_account_5102010002,expense,5102010002,ค่าเดินทาง,budget_account_5102010000,,true,
budget_account_5102010003,expense,5102010003,ค่าเบี้ยเลี้ยง,budget_account_5102010000,,true,
budget_account_5102010004,expense,5102010004,ค่าที่พัก,budget_account_5102010000,,true,
budget_account_5102010099,expense,5102010099,ค่าใช้จ่ายอื่น ๆ,budget_account_5102010000,,true,
budget_account_5102020000,expense,5102020000,ค่าใช้จ่ายด้านการฝึกอบรมต่างประเทศ,budget_account_52400,,true,
budget_account_5102020001,expense,5102020001,ค่าหลักสูตร,budget_account_5102020000,,true,
budget_account_5102020002,expense,5102020002,ค่าเดินทาง,budget_account_5102020000,,true,
budget_account_5102020003,expense,5102020003,ค่าเบี้ยเลี้ยง,budget_account_5102020000,,true,
budget_account_5102020004,expense,5102020004,ค่าที่พัก,budget_account_5102020000,,true,
budget_account_5102020099,expense,5102020099,ค่าใช้จ่ายอื่น ๆ,budget_account_5102020000,,true,
budget_account_5103010000,expense,5103010000,ค่าใช้จ่ายเดินทางเพื่องานราชการในประเทศ,budget_account_52400,,true,
budget_account_5103010001,expense,5103010001,ค่าเดินทาง,budget_account_5103010000,,true,
budget_account_5103010002,expense,5103010002,ค่าเบี้ยเลี้ยง,budget_account_5103010000,,true,
budget_account_5103010003,expense,5103010003,ค่าที่พัก,budget_account_5103010000,,true,
budget_account_5103010099,expense,5103010099,ค่าใช้จ่ายอื่น ๆ,budget_account_5103010000,,true,
budget_account_5103020000,expense,5103020000,ค่าใช้จ่ายเดินทางเพื่องานราชการต่างประเทศ,budget_account_52400,,true,
budget_account_5103020001,expense,5103020001,ค่าเดินทาง,budget_account_5103020000,,true,
budget_account_5103020002,expense,5103020002,ค่าเบี้ยเลี้ยง,budget_account_5103020000,,true,
budget_account_5103020003,expense,5103020003,ค่าที่พัก,budget_account_5103020000,,true,
budget_account_5103020099,expense,5103020099,ค่าใช้จ่ายอื่น ๆ,budget_account_5103020000,,true,
budget_account_5104030100,expense,5104030100,ค่าประชาสัมพันธ์และค่าพิมพ์,budget_account_52400,,true,
budget_account_5104030101,expense,5104030101,ค่าประชาสัมพันธ์,budget_account_5104030100,,true,
budget_account_5104030102,expense,5104030102,ค่าจัดพิมพ์,budget_account_5104030100,,true,
budget_account_52500,expense,52500,ค่าวัสดุ,budget_account_52000,,true,
budget_account_5104010000,expense,5104010000,ค่าวัสดุใช้ไป,budget_account_52500,,true,
budget_account_5104010101,expense,5104010101,ค่าวัสดุสำนักงานใช้ไป,budget_account_5104010000,,true,
budget_account_5104010102,expense,5104010102,ค่าวัสดุโฆษณาและเผยแพร่ใช้ไป,budget_account_5104010000,,true,
budget_account_5104010103,expense,5104010103,ค่าวัสดุการศึกษาใช้ไป,budget_account_5104010000,,true,
budget_account_5104010104,expense,5104010104,ค่าวัสดุน้ำมันเชื้อเพลิงและหล่อลื่น,budget_account_5104010000,,true,
budget_account_5104010105,expense,5104010105,ค่าวัสดุงานบ้านงานครัวใช้ไป,budget_account_5104010000,,true,
budget_account_5104010106,expense,5104010106,ค่าวัสดุก่อสร้างและประปา,budget_account_5104010000,,true,
budget_account_5104010107,expense,5104010107,ค่าวัสดุเวชภัณฑ์และการแพทย์,budget_account_5104010000,,true,
budget_account_5104010108,expense,5104010108,ค่าวัสดุกีฬาและชมรมต่างๆ,budget_account_5104010000,,true,
budget_account_5104010109,expense,5104010109,ค่าวัสดุคอมพิวเตอร์และอิเล็กทรอนิกส์ใช้ไปและอิเล็กทรอนิกส์,budget_account_5104010000,,true,
budget_account_5104010110,expense,5104010110,ค่าวัสดุหนังสือ วารสารและตำรา,budget_account_5104010000,,true,
budget_account_5104010111,expense,5104010111,ค่าวัสดุไฟฟ้า และวิทยุ,budget_account_5104010000,,true,
budget_account_5104010112,expense,5104010112,ค่าวัสดุการเกษตร,budget_account_5104010000,,true,
budget_account_5104010113,expense,5104010113,ค่าวัสดุยานพาหนะ,budget_account_5104010000,,true,
budget_account_5104010114,expense,5104010114,ค่าวัสดุแต่งกาย,budget_account_5104010000,,true,
budget_account_5104010115,expense,5104010115,ค่าวัสดุวิทยาศาสตร์,budget_account_5104010000,,true,
budget_account_5104010116,expense,5104010116,ค่าวัสดุในโครงการ,budget_account_5104010000,,true,
budget_account_5104010198,expense,5104010198,ค่าวัสดุคงทนถาวร,budget_account_5104010000,,true,
budget_account_5104010199,expense,5104010199,ค่าวัสดุอื่น,budget_account_5104010000,,true,
budget_account_52600,expense,52600,ค่าสาธารณูปโภค,budget_account_52000,,true,
budget_account_5104020000,expense,5104020000,ค่าสาธารณูปโภคอื่น,budget_account_52600,,true,
budget_account_5104020001,expense,5104020001,ค่าไฟฟ้าสำหรับใช้งาน,budget_account_5104020000,,true,
budget_account_5104020003,expense,5104020003,ค่าน้ำประปาสำหรับใช้งาน,budget_account_5104020000,,true,
budget_account_5104020005,expense,5104020005,ค่าโทรศัพท์สำหรับใช้งาน,budget_account_5104020000,,true,
budget_account_5104020006,expense,5104020006,ค่าใช้จ่ายค่าบริการ Internet,budget_account_5104020000,,true,
budget_account_5104020008,expense,5104020008,ค่าไปรษณีย์โทรเลข,budget_account_5104020000,,true,
budget_account_5104020099,expense,5104020099,ค่าสาธารณูปโภคอื่น ๆ,budget_account_5104020000,,true,
budget_account_53000,expense,53000,งบลงทุน,,,true,
budget_account_53100,expense,53100,ค่าใช้จ่ายงบลงทุน,budget_account_53000,,true,
budget_account_5411000000,expense,5411000000,อาคารและสิ่งก่อสร้าง,budget_account_53100,,true,
budget_account_5411000001,expense,5411000001,ค่าสิ่งก่อสร้าง (อาคารเพื่อการพักอาศัย),budget_account_5411000000,,true,
budget_account_5411000002,expense,5411000002,ค่าสิ่งก่อสร้าง (อาคารเพื่อประโยชน์อื่น),budget_account_5411000000,,true,
budget_account_5411000003,expense,5411000003,ค่าสิ่งก่อสร้าง (อาคารสำนักงาน),budget_account_5411000000,,true,
budget_account_5411000004,expense,5411000004,สิ่งก่อสร้าง (งานปรับปรุง/ที่ดิน/อาคารเรียน),budget_account_5411000000,,true,
budget_account_5411000005,expense,5411000005,ค่าสิ่งก่อสร้าง (รายการปรับปรุงที่ไม่เพิ่มมูลค่าสิ่งก่อสร้างและตัดเป็นค่าใช้จ่าย),budget_account_5411000000,,true,
budget_account_5411000009,expense,5411000009,ค่าสิ่งก่อสร้าง เงินโครงการ love 4,budget_account_5411000000,,true,
budget_account_5104030207,expense,5104030207,ค่าใช้จ่ายในการปรับปรุงแปลง,budget_account_5411000000,,true,
budget_account_5104030208,expense,5104030208,ค่าเงินชดเชยค่างานสิ่งก่อสร้าง (ค่า K),budget_account_5411000000,,true,
budget_account_5104030209,expense,5104030209,ค่าใช้จ่ายที่ปรึกษาของงบลงทุน,budget_account_5411000000,,true,
budget_account_5412000000,expense,5412000000,ครุภัณฑ์,budget_account_53100,,true,
budget_account_5412000001,expense,5412000001,ค่าครุภัณฑ์สำรวจ,budget_account_5412000000,,true,
budget_account_5412000002,expense,5412000002,ค่าครุภัณฑ์สำนักงาน,budget_account_5412000000,,true,
budget_account_5412000003,expense,5412000003,ค่าครุภัณฑ์คอมพิวเตอร์,budget_account_5412000000,,true,
budget_account_5412000004,expense,5412000004,ค่าครุภัณฑ์การศึกษา,budget_account_5412000000,,true,
budget_account_5412000005,expense,5412000005,ค่าครุภัณฑ์งานบ้านงานครัว,budget_account_5412000000,,true,
budget_account_5412000006,expense,5412000006,ค่าครุภัณฑ์กีฬา,budget_account_5412000000,,true,
budget_account_5412000007,expense,5412000007,ค่าครุภัณฑ์ดนตรี,budget_account_5412000000,,true,
budget_account_5412000008,expense,5412000008,ค่าครุภัณฑ์สนาม,budget_account_5412000000,,true,
budget_account_5412000009,expense,5412000009,ค่าครุภัณฑ์ประเภทอื่น,budget_account_5412000000,,true,
budget_account_5412000010,expense,5412000010,ค่าครุภัณฑ์ประจำอาคาร,budget_account_5412000000,,true,
budget_account_5412000011,expense,5412000011,ค่าครุภัณฑ์พาหนะและขนส่ง,budget_account_5412000000,,true,
budget_account_5412000012,expense,5412000012,ค่าครุภัณฑ์ไฟฟ้าและวิทยุ,budget_account_5412000000,,true,
budget_account_5412000013,expense,5412000013,ค่าครุภัณฑ์โฆษณาและเผยแพร่,budget_account_5412000000,,true,
budget_account_5412000014,expense,5412000014,ค่าครุภัณฑ์การเกษตร,budget_account_5412000000,,true,
budget_account_5412000015,expense,5412000015,ค่าครุภัณฑ์โรงงาน,budget_account_5412000000,,true,
budget_account_5412000016,expense,5412000016,ค่าครุภัณฑ์ก่อสร้าง,budget_account_5412000000,,true,
budget_account_5412000017,expense,5412000017,ค่าครุภัณฑ์วิทยาศาสตร์และการแพทย์,budget_account_5412000000,,true,
budget_account_5412000018,expense,5412000018,ค่าครุภัณฑ์ต่ำกว่าเกณฑ์ - งบลงทุน,budget_account_5412000000,,true,
budget_account_5412000026,expense,5412000026,ค่าครุภัณฑ์-เงินโครงการ Love 4,budget_account_5412000000,,true,
budget_account_5413000000,expense,5413000000,สินทรัพย์โครงสร้างพื้นฐานอื่น,budget_account_53100,,true,
budget_account_5413000001,expense,5413000001,ค่าสินทรัพย์โครงสร้างพื้นฐานเงินรายได้,budget_account_5413000000,,true,
budget_account_5413000002,expense,5413000002,สินทรัพย์โครงสร้างพื้นฐาน-เงินบริจาค,budget_account_5413000000,,true,
budget_account_5413000003,expense,5413000003,สินทรัพย์โครงสร้างพื้นฐาน -เงินงบประมาณ,budget_account_5413000000,,true,
budget_account_5414000000,expense,5414000000,สินทรัพย์ไม่มีตัวตน,budget_account_53100,,true,
budget_account_5414000001,expense,5414000001,โปรแกรมคอมพิวเตอร์,budget_account_5414000000,,true,
budget_account_5414000002,expense,5414000002,สินทรัพย์ไม่มีตัวตนอื่น,budget_account_5414000000,,true,
budget_account_5415000000,expense,5415000000,งานระหว่างทำ,budget_account_53100,,true,
budget_account_5415000001,expense,5415000001,ครุภัณฑ์ระหว่างก่อสร้าง,budget_account_5415000000,,true,
budget_account_5416000000,expense,5416000000,ที่ดิน,budget_account_53100,,true,
budget_account_5416000001,expense,5416000001,ที่ดินราชพัสดุ,budget_account_5416000000,,true,
budget_account_5416000002,expense,5416000002,ที่ดินที่มีกรรมสิทธิ์,budget_account_5416000000,,true,
budget_account_54000,expense,54000,งบเงินอุดหนุน,,,true,
budget_account_54100,expense,54100,ค่าใช้จ่ายงบเงินอุดหนุน,budget_account_54000,,true,
budget_account_5107010000,expense,5107010000,ค่าใช้จ่ายเงินอุดหนุน-เพื่อการดำเนินงาน,budget_account_54100,,true,
budget_account_5107010001,expense,5107010001,ค่าสมาชิกสมาคมมหาวิทยาลัยระหว่างชาติ,budget_account_5107010000,,true,
budget_account_5107010002,expense,5107010002,ค่าสมาชิกสมาคมอุดมศึกษาเอเชียอาคเนย์,budget_account_5107010000,,true,
budget_account_5107010003,expense,5107010003,ค่าสมาชิกชมรมไฟฟ้าแสงสว่างประเทศไทย,budget_account_5107010000,,true,
budget_account_5107010004,expense,5107010004,ค่าสมาชิกกีฬามหาวิทยาลัยแห่งประเทศไทย,budget_account_5107010000,,true,
budget_account_5107010005,expense,5107010005,ค่าสมาชิกสมาคมกิจการนักศึกษานานาชาติ,budget_account_5107010000,,true,
budget_account_5107010006,expense,5107010006,ทุนอุดหนุนโครงการความร่วมมือ (ASEA-UNINET),budget_account_5107010000,,true,
budget_account_5107010010,expense,5107010010,เงินอุดหนุนอื่นๆ,budget_account_5107010000,,true,
budget_account_5107010015,expense,5107010015,ค่าใช้จ่ายจากกองทุนสวัสดิการสำรองเลี้ยงชีพ ค่ารักษาพยาบาลและอื่นๆ,budget_account_5107010000,,true,
budget_account_5107010022,expense,5107010022,เงินอุดหนุนทุนการศึกษา,budget_account_5107010000,,true,
budget_account_5107010044,expense,5107010044,ค่าสมาชิก/ค่าสมาคม,budget_account_5107010000,,true,
budget_account_5107010045,expense,5107010045,ค่าใช้จ่ายเงินอุดหนุนเจรจาธุรกิจ,budget_account_5107010000,,true,
budget_account_5107010047,expense,5107010047,ค่าใช้จ่ายอื่นโครงการ Love 4,budget_account_5107010000,,true,
budget_account_5107010048,expense,5107010048,ค่าใช้จ่ายสนับสนุนทุนการศึกษาจากโครงการ love 4,budget_account_5107010000,,true,
budget_account_5107010049,expense,5107010049,ค่าใช้จ่ายสนับสนุนการจัดประชุมวิชาการระดับนานาชาติ,budget_account_5107010000,,true,
budget_account_5107010054,expense,5107010054,ค่าใช้จ่ายโอนเข้ากองทุนเพื่อการการศึกษา- กองกิจ,budget_account_5107010000,,true,
budget_account_5107010059,expense,5107010059,เงินอุดหนุนเพื่อสนับสนุนนโยบายด้านการศึกษา (โครงการปริญญาตรีต่อเนื่อง),budget_account_5107010000,,true,
budget_account_5107010060,expense,5107010060,เงินอุดหนุนเพื่อสนับสนุนนโยบายด้านการศึกษา (โครงการเครือข่ายอุดมศึกษาพี่เลี้ยง),budget_account_5107010000,,true,
budget_account_5107010061,expense,5107010061,เงินอุดหนุนเพื่อสนับสนุนนโยบายด้านการศึกษา (โครงการประเมินความสามารถด้านการใช้ภาษาอังกฤษ),budget_account_5107010000,,true,
budget_account_5107010062,expense,5107010062,เงินอุดหนุนเพื่อสนับสนุนนโยบายด้านพัฒนาศักยภาพทุนมนุษย์,budget_account_5107010000,,true,
budget_account_5107010065,expense,5107010065,ค่าใช้จ่ายในการดำเนินกิจการของสถาบัน,budget_account_5107010000,,true,
budget_account_5107010066,expense,5107010066,ค่าใช้จ่ายโอนเข้ากองทุนเพื่อสนับสนุนการบริหารงานบุคคลของสถาบัน,budget_account_5107010000,,true,
budget_account_5107010067,expense,5107010067,ค่าใช้จ่ายสนับสนุนการบริหารจัดการรายวิชา,budget_account_5107010000,,true,
budget_account_5107010088,expense,5107010088,ค่าใช้จ่ายเงินอุดหนุนโครงการแลกเปลี่ยนนักศึกษานานาชาติ,budget_account_5107010000,,true,
budget_account_5107010089,expense,5107010089,ค่าใช้จ่ายโครงการเตรียมความพร้อมสู่ประชาคมอาเซียน,budget_account_5107010000,,true,
budget_account_5107010091,expense,5107010091,ค่าใช้จ่ายเงินอุดหนุนโครงการศิลปวัฒนธรรม,budget_account_5107010000,,true,
budget_account_5107010092,expense,5107010092,ค่าใช้จ่ายเงินอุดหนุนโครงการบริการวิชาการ,budget_account_5107010000,,true,
budget_account_5107010094,expense,5107010094,ค่าใช้จ่ายเงินอุดหนุน-เพื่อพิจารณาโครงการวิจัย,budget_account_5107010000,,true,
budget_account_5107010801,expense,5107010801,เงินเดือนพนักงานเดิม (งปม.),budget_account_5107010000,,true,
budget_account_5107010802,expense,5107010802,เงินประจำตำแหน่งทางวิชาการ ผศ./รศ./ศ.พนักงานเดิม,budget_account_5107010000,,true,
budget_account_5107010803,expense,5107010803,เงินประจำตำแหน่งชำนาญการพนักงานเดิม,budget_account_5107010000,,true,
budget_account_5107010804,expense,5107010804,เงินประจำตำแหน่งผู้เชี่ยวชาญพนักงานเดิม,budget_account_5107010000,,true,
budget_account_5107010805,expense,5107010805,เงินค่าครองชีพพนักงานเดิม,budget_account_5107010000,,true,
budget_account_5107010806,expense,5107010806,เงินประจำตำแหน่งผู้บริหารในมหาวิทยาลัย(พนักงานเดิม),budget_account_5107010000,,true,
budget_account_5107010807,expense,5107010807,เงินตอบแทนเงินประจำตำแหน่งของพนักงานเดิม,budget_account_5107010000,,true,
budget_account_5107010901,expense,5107010901,เงินเดือนพนักงานที่เปลี่ยนสภาพจากข้าราชการ,budget_account_5107010000,,true,
budget_account_5107010902,expense,5107010902,เงินประจำตำแหน่งผู้บริหารในมหาวิทยาลัย (พนักงานเปลี่ยนสภาพจากข้าราชการ),budget_account_5107010000,,true,
budget_account_5107010903,expense,5107010903,เงินประจำตำแหน่งทางวิชาการ ผศ./รศ./ศ.พนักงานเปลี่ยนสภาพจากข้าราชการ,budget_account_5107010000,,true,
budget_account_5107010904,expense,5107010904,เงินประจำตำแหน่งชำนาญการพนักงานเปลี่ยนสภาพจากข้าราชการ,budget_account_5107010000,,true,
budget_account_5107010905,expense,5107010905,เงินประจำตำแหน่งผู้เชี่ยวชาญพนักงานเปลี่ยนสภาพจากข้าราชการ,budget_account_5107010000,,true,
budget_account_5107010906,expense,5107010906,เงินประจำตำแหน่งบริหารสนับสนุนวิชาการพนักงานเปลี่ยนสภาพ(ผอ.ส่วน/ผอ.ส่วนสนับสนุนวิชาการ),budget_account_5107010000,,true,
budget_account_5107010907,expense,5107010907,เงินตอบแทนเงินประจำตำแหน่งพนักงานเปลี่ยนสภาพจากข้าราชการ,budget_account_5107010000,,true,
budget_account_5107010908,expense,5107010908,ค่าตอบแทนพิเศษพนักงานเต็มขั้น (พนักงานเปลี่ยนสภาพจากข้าราชการ),budget_account_5107010000,,true,
budget_account_5107030003,expense,5107030003,ทุนอุดหนุนการทำวิทยานิพนธ์ของนักศึกษา,budget_account_5107010000,,true,
budget_account_5107030004,expense,5107030004,ทุนอุดหนุนบุคลากรศึกษาต่อปริญญาโท-เอก ในประเทศ,budget_account_5107010000,,true,
budget_account_5107030005,expense,5107030005,ทุนอุดหนุนบุคลากรศึกษาต่อปริญญาโท-เอก ต่างประเทศ,budget_account_5107010000,,true,
budget_account_5107010068,expense,5107010068,ค่าใช้จ่ายสนับสนุนพัฒนาแพทยศาสตรศึกษา,budget_account_5107010000,,true,
budget_account_5107010069,expense,5107010069,ค่าใช้จ่ายสนับสนุนการสอบ Comprehensive Exam,budget_account_5107010000,,true,
budget_account_5107010200,expense,5107010200,ค่าใช้จ่ายเงินอุดหนุน-เพื่อการวิจัย (งบประมาณวิจัยจากแหล่งอื่น),budget_account_5107010000,,true,
budget_account_5107010201,expense,5107010201,อุดหนุนการวิจัย-เงินงบประมาณ,budget_account_5107010000,,true,
budget_account_5107010202,expense,5107010202,อุดหนุนการวิจัย-เงินรายได้,budget_account_5107010000,,true,
budget_account_5107010203,expense,5107010203,อุดหนุนการวิจัย-อื่น ๆ,budget_account_5107010000,,true,
budget_account_5107010211,expense,5107010211,ค่าจ้างชั่วคราว – โครงการวิจัย,budget_account_5107010000,,true,
budget_account_5107010221,expense,5107010221,ค่าล่วงเวลา - โครงการวิจัย,budget_account_5107010000,,true,
budget_account_5107010222,expense,5107010222,ค่าตอบแทน – โครงการวิจัย,budget_account_5107010000,,true,
budget_account_5107010231,expense,5107010231,ค่าจ้างเหมาบริการ – โครงการวิจัย,budget_account_5107010000,,true,
budget_account_5107010241,expense,5107010241,ค่าเดินทาง – โครงการวิจัย,budget_account_5107010000,,true,
budget_account_5107010251,expense,5107010251,ค่าเบี้ยเลี้ยง – โครงการวิจัย,budget_account_5107010000,,true,
budget_account_5107010261,expense,5107010261,ค่าที่พัก – โครงการวิจัย,budget_account_5107010000,,true,
budget_account_5107010271,expense,5107010271,ค่าวัสดุอื่นๆ – โครงการวิจัย,budget_account_5107010000,,true,
budget_account_5107010281,expense,5107010281,ค่าวัสดุการศึกษา - โครงการวิจัย,budget_account_5107010000,,true,
budget_account_5107010282,expense,5107010282,ค่าสาธารณูปโภค -โครงการวิจัย,budget_account_5107010000,,true,
budget_account_5107010291,expense,5107010291,ค่าครุภัณฑ์การศึกษา - โครงการวิจัย (รวมครุภัณฑ์อื่นๆด้วย),budget_account_5107010000,,true,
budget_account_5107010292,expense,5107010292,ค่าหลักสูตร - โครงการวิจัย (ในโครงการวิจัยต้องระบุว่ามีค่าใช้จ่ายเกี่ยวกับฝึกอบรมจึงจะเบิกได้),budget_account_5107010000,,true,
budget_account_5107010294,expense,5107010294,ค่าใช้จ่ายโอนเข้ากองทุนวิจัย – กองบริการ,budget_account_5107010000,,true,
budget_account_5107010295,expense,5107010295,ค่าใช้จ่ายสัมมนาเพื่อเผยแพร่ผลงาน - โครงการวิจัย (ในโครงการวิจัยมีการระบุไว้),budget_account_5107010000,,true,
budget_account_5107010021,expense,5107010021,ทุนอุดหนุนการเดินทางไปเสนอบทความทางวิชาการ,budget_account_54100,,true,
budget_account_5107010101,expense,5107010101,ค่าหลักสูตร,budget_account_5107010021,,true,
budget_account_5107010102,expense,5107010102,ค่าเดินทาง,budget_account_5107010021,,true,
budget_account_5107010103,expense,5107010103,ค่าเบี้ยเลี้ยง,budget_account_5107010021,,true,
budget_account_5107010104,expense,5107010104,ค่าที่พัก,budget_account_5107010021,,true,
budget_account_5107010106,expense,5107010106,ค่าใช้จ่ายอื่น ๆ,budget_account_5107010021,,true,
budget_account_5107010400,expense,5107010400,เงินอุดหนุนโครงการบูรณาการ (เงินงบประมาณ),budget_account_54100,,true,
budget_account_5107010401,expense,5107010401,ค่าใช้จ่ายดำเนินงาน : โครงการบูรณาการ,budget_account_5107010400,,true,
budget_account_5107010402,expense,5107010402,ค่าครุภัณฑ์ : โครงการบูรณาการ,budget_account_5107010400,,true,
budget_account_5107010403,expense,5107010403,ค่าสิ่งก่อสร้าง : โครงการบูรณาการ,budget_account_5107010400,,true,
budget_account_5107010500,expense,5107010500,เงินอุดหนุนโครงการยุทธศาสตร์ (เงินงบประมาณและเงินรายได้),budget_account_54100,,true,
budget_account_5107010501,expense,5107010501,ค่าใช้จ่ายดำเนินงาน : โครงการยุทธศาสตร์,budget_account_5107010500,,true,
budget_account_5107010502,expense,5107010502,ค่าครุภัณฑ์ : โครงการยุทธศาสตร์,budget_account_5107010500,,true,
budget_account_5107010503,expense,5107010503,สิ่งก่อสร้าง : โครงการยุทธศาสตร์,budget_account_5107010500,,true,
budget_account_5107010600,expense,5107010600,ค่าใช้จ่าย Internal Business Unit (IBU),budget_account_54100,,true,
budget_account_5107010601,expense,5107010601,ค่าใช้จ่ายดำเนินงาน : Internal Business Unit (IBU),budget_account_5107010600,,true,
budget_account_5107010602,expense,5107010602,ค่าครุภัณฑ์ : Internal Business Unit (IBU),budget_account_5107010600,,true,
budget_account_5107010603,expense,5107010603,ค่าสิ่งก่อสร้าง : Internal Business Unit (IBU),budget_account_5107010600,,true,
budget_account_5107010700,expense,5107010700,เงินอุดหนุนโครงการยุทธศาสตร์การวิจัยและนวัตกรรม,budget_account_54100,,true,
budget_account_5107010701,expense,5107010701,ค่าใช้จ่ายดำเนินงาน : โครงการยุทธศาสตร์การวิจัยและนวัตกรรม,budget_account_5107010700,,true,
budget_account_5107010702,expense,5107010702,ค่าครุภัณฑ์ : โครงการยุทธศาสตร์การวิจัยและนวัตกรรม,budget_account_5107010700,,true,
budget_account_5107010703,expense,5107010703,ค่าสิ่งก่อสร้าง : โครงการยุทธศาสตร์การวิจัยและนวัตกรรม,budget_account_5107010700,,true,
budget_account_5111000100,expense,5111000100,ค่าใช้จ่ายอุดหนุน - จากหน่วยงานภาครัฐ,budget_account_54100,,true,
budget_account_5111000101,expense,5111000101,ค่าใช้จ่ายดำเนินงาน - อุดหนุนจากหน่วยงานภาครัฐ (สถาบันไทยโคเซ็น),budget_account_5111000100,,true,
budget_account_5111000102,expense,5111000102,ค่าครุภัณฑ์ - อุดหนุนจากหน่วยงานภาครัฐ (สถาบันไทยโคเซ็น),budget_account_5111000100,,true,
budget_account_5111000103,expense,5111000103,ค่าสิ่งก่อสร้าง - อุดหนุนจากหน่วยงานภาครัฐ (สถาบันไทยโคเซ็น),budget_account_5111000100,,true,
budget_account_5111000104,expense,5111000104,ค่าใช้จ่ายดำเนินงาน - อุดหนุนจากหน่วยงานภาครัฐ (โครงการผลิตบัณฑิตพันธุ์ไหม่),budget_account_5111000100,,true,
budget_account_5111000105,expense,5111000105,ค่าใช้จ่ายดำเนินงาน - อุดหนุนจากหน่วยงานภาครัฐ (โครงการเรียนรู้ตลอดชีวิตฯ (Upskill/Reskill)),budget_account_5111000100,,true,
budget_account_5111000106,expense,5111000106,ค่าใช้จ่ายดำเนินงาน - อุดหนุนจากหน่วยงานภาครัฐ (การทำข้อตกลง MOU เป็นต้น),budget_account_5111000100,,true,
budget_account_55000,expense,55000,งบรายจ่ายอื่น,,,true,
budget_account_55100,expense,55100,ค่าใช้จ่ายอื่น,budget_account_55000,,true,
budget_account_5108000000,expense,5108000000,ค่าใช้จ่ายอื่น,budget_account_55100,,true,
budget_account_5108000001,expense,5108000001,หนี้สงสัยจะสูญ - เงินรองรับเพื่อชดเชยความเสียหาย,budget_account_5108000000,,true,
budget_account_5108000002,expense,5108000002,หนี้สูญ,budget_account_5108000000,,true,
budget_account_5108000003,expense,5108000003,ค่าสนับสนุนการดำเนินงานที่ประชุมสภาคณาจารย์/สภาคณบดี/หรือเทียบเท่า,budget_account_5108000000,,true,
budget_account_5108000004,expense,5108000004,ค่าใช้จ่ายพิธีพระราชทานปริญญาบัตร,budget_account_5108000000,,true,
budget_account_5108000005,expense,5108000005,ค่าใช้จ่ายสนับสนุนกีฬาบุคลากร,budget_account_5108000000,,true,
budget_account_5108000006,expense,5108000006,ค่าใช้จ่ายโครงการความร่วมมือสถาบันฯ ต่างประเทศ,budget_account_5108000000,,true,
budget_account_5108000007,expense,5108000007,ค่าใช้จ่ายสนับสนุนกีฬามหาวิทยาลัย,budget_account_5108000000,,true,
budget_account_5108000008,expense,5108000008,ค่าใช้จ่ายในการรับสมัครและสอบคัดเลือกนักศึกษาปริญญาตรี (สอบคัดเลือกนักศึกษาเข้าใหม่ทุกประเภท),budget_account_5108000000,,true,
budget_account_5108000009,expense,5108000009,ค่าใช้จ่ายในการรับสมัครและสอบคัดเลือกนักศึกษาปริญญาโท-เอก (สอบคัดเลือกนักศึกษาเข้าใหม่ทุกประเภท),budget_account_5108000000,,true,
budget_account_5108000010,expense,5108000010,ค่าใช้จ่ายในการจัดทำระบบการประกันคุณภาพ,budget_account_5108000000,,true,
budget_account_5108000011,expense,5108000011,ค่าใช้จ่ายในการดำเนินงานโครงการวิเคราะห์ข้อมูลวิจัยสถาบันเพื่อการวางแผน,budget_account_5108000000,,true,
budget_account_5108000012,expense,5108000012,ค่าใช้จ่ายในการดำเนินการปรับเปลี่ยนเป็นมหาวิทยาลัยในกำกับ,budget_account_5108000000,,true,
budget_account_5108000013,expense,5108000013,ค่าใช้จ่ายในการทำรายงานประจำปี,budget_account_5108000000,,true,
budget_account_5108000014,expense,5108000014,ค่าใช้จ่ายอื่นๆ,budget_account_5108000000,,true,
budget_account_5108000017,expense,5108000017,ขาดทุนจากอัตราแลกเปลี่ยนเงินตราต่างประเทศ,budget_account_5108000000,,true,
budget_account_5108000018,expense,5108000018,ค่าใช้จ่ายอื่นเกี่ยวกับกิจกรรมนักศึกษา,budget_account_5108000000,,true,
budget_account_5108000019,expense,5108000019,โครงการพิเศษรายจ่ายอื่น,budget_account_5108000000,,true,
budget_account_5108000020,expense,5108000020,ค่าใช้จ่ายในการดำเนินกิจกรรมพิเศษรายจ่ายอื่น,budget_account_5108000000,,true,
budget_account_5108000022,expense,5108000022,ค่าใช้จ่ายโครงงานนักศึกษา,budget_account_5108000000,,true,
budget_account_5108000023,expense,5108000023,ค่าใช้จ่ายที่เกี่ยวกับการพัฒนาคุณภาพนักศึกษา,budget_account_5108000000,,true,
budget_account_5108000024,expense,5108000024,ค่าใช้จ่ายในการบริหารจัดการกลาง,budget_account_5108000000,,true,
budget_account_5108000025,expense,5108000025,ค่าใช้จ่ายจากเงิน ทอท.,budget_account_5108000000,,true,
budget_account_5108000029,expense,5108000029,ค่าใช้จ่ายการเรียนและการสอนภาษาอังกฤษ(พิเศษ),budget_account_5108000000,,true,
budget_account_5108000031,expense,5108000031,ค่าใช้จ่ายดำเนินการสถานการณ์การฉุกเฉิน (อุทกภัย อัคคีภัย ฯลฯ),budget_account_5108000000,,true,
budget_account_5108000032,expense,5108000032,ค่าใช้จ่ายเพื่อการพัฒนาคุณภาพนักศึกษาที่ได้รับจากเงินบริจาคสนับสนุนกิจกรรม/โครงการต่าง ๆ ของนักศึกษา,budget_account_5108000000,,true,
budget_account_5108000036,expense,5108000036,ค่าใช้จ่ายผลประโยชน์พนักงานหลังออกจากงาน,budget_account_5108000000,,true,
budget_account_5108000037,expense,5108000037,ค่าใช้จ่ายการจัดสอบมาตรฐานความรู้ภาษาอังกฤษก่อนจบการศึกษา(Exit - Exam ),budget_account_5108000000,,true,
budget_account_5108000038,expense,5108000038,ค่าใช้จ่ายอัตราผลตอบแทนชดใช้เงินสถาบันฯ,budget_account_5108000000,,true,
budget_account_5108010102,expense,5108010102,บัญชีหนี้สูญ – ร้านค้า,budget_account_5108000000,,true,
budget_account_5108010103,expense,5108010103,บัญชีหนี้สูญ – ลูกหนี้นักศึกษา,budget_account_5108000000,,true,
budget_account_5109000000,expense,5109000000,ค่าใช้จ่ายจากงานบริการ/วิจัย,budget_account_55100,,true,
budget_account_5109000002,expense,5109000002,ค่าใช้สอย – งานบริการ,budget_account_5109000000,,true,
budget_account_5109000004,expense,5109000004,ค่าใช้จ่ายอื่น ๆ – งานบริการ,budget_account_5109000000,,true,
budget_account_5109100001,expense,5109100001,ค่าตอบแทน – งานบริการ,budget_account_5109000000,,true,
budget_account_5109100003,expense,5109100003,ค่าวัสดุ – งานบริการ,budget_account_5109000000,,true,
budget_account_5109100008,expense,5109100008,ค่าจ้างชั่วคราว – งานบริการ,budget_account_5109000000,,true,
budget_account_5109100009,expense,5109100009,ค่าใช้จ่ายในการจัดประชุมทางวิชาการ,budget_account_5109000000,,true,
budget_account_5109100010,expense,5109100010,ค่าใช้จ่ายในการดำเนินโครงการ,budget_account_5109000000,,true,
budget_account_5109100016,expense,5109100016,ค่าใช้จ่ายในการดำเนินงานทรัพย์สินทางปัญญา,budget_account_5109000000,,true,
budget_account_07020,expense,07020,งบกองทุนสำรอง,,,true,account_analytic_kmitl.fund_0702
budget_account_0702000000,expense,0702000000,กองทุนสำรอง,budget_account_07020,,true,account_analytic_kmitl.fund_0702
budget_account_0702000001,expense,0702000001,เงินชดใช้เงินคงคลัง,budget_account_0702000000,,true,account_analytic_kmitl.fund_0702
budget_account_0702000002,expense,0702000002,เงินสำรอง,budget_account_0702000000,,true,account_analytic_kmitl.fund_0702
budget_account_r49000,revenue,"43100 (ก)","ค่าธรรมเนียมการศึกษา และค่าธรรมเนียมอื่น ๆ",,,true,
budget_account_r43100,revenue,"43100","รายได้ค่าธรรมเนียมการศึกษา",budget_account_r49000,,true,
budget_account_r4121010010,revenue,"4121010010","รายได้ค่าบำรุงกีฬา",budget_account_r43100,,true,
budget_account_r4121010011,revenue,"4121010011","รายได้ค่าบำรุงห้องสมุด",budget_account_r43100,,true,
budget_account_r4121010013,revenue,"4121010013","รายได้ค่าบริการสุขภาพ",budget_account_r43100,,true,
budget_account_r4121010014,revenue,"4121010014","รายได้ค่ากิจกรรมนักศึกษา",budget_account_r43100,,true,
budget_account_r4121010017,revenue,"4121010017","รายได้ค่าบัตรประจำตัวนักศึกษา",budget_account_r43100,,true,
budget_account_r4121010022,revenue,"4121010022","รายได้ค่าปรับลงทะเบียนล่าช้า",budget_account_r43100,,true,
budget_account_r4121010023,revenue,"4121010023","รายได้ค่าปรับชำระเงินล่าช้า",budget_account_r43100,,true,
budget_account_r4121010024,revenue,"4121010024","รายได้ค่าธรรมเนียมการศึกษาปริญญาตรี",budget_account_r43100,,true,
budget_account_r4121010025,revenue,"4121010025","รายได้ค่าธรรมเนียมการศึกษาปริญญาโท",budget_account_r43100,,true,
budget_account_r4121010026,revenue,"4121010026","รายได้ค่าสอนบริการ",budget_account_r43100,,true,
budget_account_r4121010050,revenue,"4121010050","รายได้ค่าธรรมเนียมการศึกษา-สนับสนุนหน่วยงานกลาง 21 %",budget_account_r43100,,true,
budget_account_r4121010051,revenue,"4121010051","รายได้ค่าธรรมเนียมการศึกษา-ดำเนินการตามยุทธศาสตร์ 5 %",budget_account_r43100,,true,
budget_account_r4121010052,revenue,"4121010052","รายได้ค่าหน่วยกิจโอนเข้ากองทุนเพื่อการศึกษา",budget_account_r43100,,true,
budget_account_r4121010053,revenue,"4121010053","รายได้ค่าหน่วยกิจโอนเข้ากองทุนวิจัย",budget_account_r43100,,true,
budget_account_r4121010054,revenue,"4121010054","รายได้ค่าธรรมเนียมการศึกษากันสำรอง 15 %",budget_account_r43100,,true,
budget_account_r4121010059,revenue,"4121010059","รายได้ค่าธรรมเนียมการเรียนการสอนภาษาอังกฤษ",budget_account_r43100,,true,
budget_account_r4121010060,revenue,"4121010060","รายได้ค่าธรรมเนียมการศึกษาเหมาจ่ายภาคฤดูร้อน ปริญญาตรี",budget_account_r43100,,true,
budget_account_r4121010061,revenue,"4121010061","รายได้ค่าธรรมเนียมการศึกษาเหมาจ่ายภาคฤดูร้อน กันสำรอง 15 %",budget_account_r43100,,true,
budget_account_r4121010062,revenue,"4121010062","รายได้ค่าธรรมเนียมการศึกษาเหมาจ่ายภาคฤดูร้อน ปริญญาโท",budget_account_r43100,,true,
budget_account_r4121010063,revenue,"4121010063","รายได้ค่าธรรมเนียมการศึกษาจาการสอนวิชาพื้นฐาน (สอนบริการ)",budget_account_r43100,,true,
budget_account_r4121010092,revenue,"4121010092","รายได้รับจากกองทุนวิจัย",budget_account_r43100,,true,
budget_account_r4121010094,revenue,"4121010094","รายได้รับจากกองทุนเพื่อการศึกษา",budget_account_r43100,,true,
budget_account_r4121010099,revenue,"4121010099","รายได้ค่าธรรมเนียมการศึกษาอื่นๆ (เกี่ยวกับการเรียนการสอน)",budget_account_r43100,,true,
budget_account_r4121010200,revenue,"4121010200","รายได้ค่าธรรมเนียมการศึกษาโครงการ MOU(สำหรับส่วนที่ขอยกเว้น)",budget_account_r43100,,true,
budget_account_r4124000004,revenue,"4124000004","เงินสนับสนุนงานวิจัย 2.5 %",budget_account_r43100,,true,
budget_account_r43200,revenue,"43200","รายได้ค่าธรรมเนียมอื่นๆ",budget_account_r49000,,true,
budget_account_r4121020001,revenue,"4121020001","รายได้ค่าปรับหนังสือส่งคืนเกินกำหนด",budget_account_r43200,,true,
budget_account_r4121020002,revenue,"4121020002","รายได้ค่าบริการสืบค้นฐานข้อมูล CD-ROM",budget_account_r43200,,true,
budget_account_r4121020003,revenue,"4121020003","รายได้ค่าใบรับรอง Transcript",budget_account_r43200,,true,
budget_account_r4121020004,revenue,"4121020004","รายได้ค่าขึ้นทะเบียนบัณฑิต",budget_account_r43200,,true,
budget_account_r4121020007,revenue,"4121020007","รายได้ค่าสมัครสอบคัดเลือกนักศึกษาระดับปริญญาตรี",budget_account_r43200,,true,
budget_account_r4121020008,revenue,"4121020008","รายได้ค่าสมัครสอบคัดเลือกนักศึกษาระดับปริญญาโท",budget_account_r43200,,true,
budget_account_r4121020015,revenue,"4121020015","รายได้ค่าธรรมนียมจัดสอบมาตรฐานความรู้ภาษาอังกฤษก่อนจบการศึกษา(Exit-Exam)",budget_account_r43200,,true,
budget_account_r4121020097,revenue,"4121020097","รายได้จากค่าจัดสรรเหมาจ่ายรายหัวในการคัดเลือกระบบตรง",budget_account_r43200,,true,
budget_account_r4121020098,revenue,"4121020098","รายได้จากการโอนระหว่างหน่วยงาน",budget_account_r43200,,true,
budget_account_r4121020099,revenue,"4121020099","รายได้ค่าธรรมเนียมอื่นๆ",budget_account_r43200,,true,
budget_account_r43300,revenue,"43300","รายได้จากงานบริการ",,,true,
budget_account_r4121030001,revenue,"4121030001","รายได้ค่าจัดประชุม สัมมนา ฝึกอบรม",budget_account_r43300,,true,
budget_account_r4121030003,revenue,"4121030003","รายได้เงินอุดหนุนการวิจัยจากแหล่งทุนภายนอก",budget_account_r43300,,true,
budget_account_r4121030004,revenue,"4121030004","รายได้เงินอุดหนุนการวิจัยจาก NECTEC",budget_account_r43300,,true,
budget_account_r4121030005,revenue,"4121030005","รายได้เงินอุดหนุนการวิจัยจากศูนย์นาโนแห่งชาติ",budget_account_r43300,,true,
budget_account_r4121030006,revenue,"4121030006","รายได้เงินอุดหนุนการวิจัยจากสถาบันฯ",budget_account_r43300,,true,
budget_account_r4121030007,revenue,"4121030007","รายได้เงินอุดหนุนการวิจัยจากคณะ",budget_account_r43300,,true,
budget_account_r4121030008,revenue,"4121030008","รายได้จากทรัพย์สินทางปัญญา",budget_account_r43300,,true,
budget_account_r4121030009,revenue,"4121030009","รายได้ผลประโยชน์จากเงินและทรัพย์สินของกองทุนวิจัย",budget_account_r43300,,true,
budget_account_r4121030010,revenue,"4121030010","รายได้ค่าสมัครเรียนภาษาญี่ปุ่น",budget_account_r43300,,true,
budget_account_r4121030011,revenue,"4121030011","รายได้ค่าลงทะเบียนเรียนภาษาญี่ปุ่น",budget_account_r43300,,true,
budget_account_r4121030012,revenue,"4121030012","รายได้ค่าบริการทางวิชาการจากงานที่ปรึกษาโครงการและอื่น",budget_account_r43300,,true,
budget_account_r4121030013,revenue,"4121030013","รายได้จากการทดสอบ",budget_account_r43300,,true,
budget_account_r4121030014,revenue,"4121030014","รายได้จากค่าบริการงานวิจัย",budget_account_r43300,,true,
budget_account_r4121030015,revenue,"4121030015","รายได้ค่าบริหารโครงการ (เงินอุดหนุนวิจัยจากแหล่งทุนภายนอก)",budget_account_r43300,,true,
budget_account_r4121030016,revenue,"4121030016","รายได้เงินอุดหนุนวิจัยจากการปรับปรุง",budget_account_r43300,,true,
budget_account_r4121030017,revenue,"4121030017","รายได้พิเศษงวด ก",budget_account_r43300,,true,
budget_account_r4121030096,revenue,"4121030096","รายได้ค่าธรรมเนียมการใช้บริการโครงการคลินิกภาษา",budget_account_r43300,,true,
budget_account_r4121030097,revenue,"4121030097","รายได้จากเงินสนับสนุนเพื่อการอบรม วิจัย และพัฒนา",budget_account_r43300,,true,
budget_account_r4121030098,revenue,"4121030098","รายได้จากการใช้เครื่องมือกลางภายใต้ศูนย์วิจัยร่วมภาครัฐ-เอกชน",budget_account_r43300,,true,
budget_account_r4121030099,revenue,"4121030099","รายได้จากงานบริการอื่น ๆ",budget_account_r43300,,true,
budget_account_r43400,revenue,"43400","รายได้จากเงินผลประโยชน์",,,true,
budget_account_r4121040001,revenue,"4121040001","รายได้ค่าธรรมเนียมหอพักนักศึกษา",budget_account_r43400,,true,
budget_account_r4121040002,revenue,"4121040002","รายได้ค่าเช่าหอพักนักศึกษา",budget_account_r43400,,true,
budget_account_r4121040003,revenue,"4121040003","รายได้ค่าเช่าร้านค้าและสถานที่",budget_account_r43400,"ผู้เช่าระบุประเภท ให้ทุนการศึกษา ค่าบำรุงการศึกษา และค่าบำรุงห้องสมุด",true,
budget_account_r4121040004,revenue,"4121040004","รายได้จากการจำหน่ายผลผลิตทางการเกษตร",budget_account_r43400,,true,
budget_account_r4121040005,revenue,"4121040005","รายได้จากการจำหน่ายน้ำดื่มแคแสด",budget_account_r43400,,true,
budget_account_r4121040006,revenue,"4121040006","รายได้ค่าบริการสระว่ายน้ำ และศูนย์กีฬา",budget_account_r43400,,true,
budget_account_r4121040007,revenue,"4121040007","รายได้ค่าสมัครสมาชิกสระว่ายน้ำ",budget_account_r43400,,true,
budget_account_r4121040008,revenue,"4121040008","รายได้ค่าเรียนว่ายน้ำ",budget_account_r43400,,true,
budget_account_r4121040009,revenue,"4121040009","รายได้จากการจำหน่ายตำรา",budget_account_r43400,,true,
budget_account_r4121040010,revenue,"4121040010","รายได้จากการลงทุนหรือร่วมลงทุนจากทรัพย์สินของสถาบันฯ",budget_account_r43400,,true,
budget_account_r4121040012,revenue,"4121040012","รายได้จากค่าบำรุงโรงอาหาร",budget_account_r43400,,true,
budget_account_r4121040013,revenue,"4121040013","รายได้ค่าไฟฟ้าคอนโด 12 ชั้น",budget_account_r43400,,true,
budget_account_r4121040015,revenue,"4121040015","รายได้ค่าเช่าคอนโด",budget_account_r43400,,true,
budget_account_r4121040016,revenue,"4121040016","รายได้ค่าบริการห้องออกกำลังกาย",budget_account_r43400,,true,
budget_account_r4121040017,revenue,"4121040017","รายได้ค่าบริการสนามแบดมินตัน",budget_account_r43400,,true,
budget_account_r4121040018,revenue,"4121040018","รายได้ค่าบริการสนามเทนนิส",budget_account_r43400,,true,
budget_account_r4121040019,revenue,"4121040019","รายได้ค่าเช่าบ้านพัก",budget_account_r43400,,true,
budget_account_r4121040021,revenue,"4121040021","รายได้ค่าน้ำคอนโด 12 ชั้น",budget_account_r43400,,true,
budget_account_r4121040022,revenue,"4121040022","รายได้ค่าไฟฟ้าและน้ำประปา",budget_account_r43400,,true,
budget_account_r4121040023,revenue,"4121040023","รายได้จากงานพระราชทานปริญญาบัตร",budget_account_r43400,,true,
budget_account_r4121040024,revenue,"4121040024","รายได้ค่าน้ำประปาร้านค้า",budget_account_r43400,,true,
budget_account_r4121040025,revenue,"4121040025","รายได้ค่าไฟฟ้าร้านค้า",budget_account_r43400,,true,
budget_account_r4121040026,revenue,"4121040026","รายได้ค่าไฟฟ้าและน้ำประปาหอพักนักศึกษา",budget_account_r43400,,true,
budget_account_r4121040027,revenue,"4121040027","รายได้ค่าไฟฟ้าบ้านพักสถาบัน",budget_account_r43400,,true,
budget_account_r4121040034,revenue,"4121040034","รายได้ค่ารถโดยสารสวัสดิการ",budget_account_r43400,,true,
budget_account_r4121040028,revenue,"4121040028","รายได้ค่าน้ำประปาบ้านพักสถาบัน",budget_account_r43400,,true,
budget_account_r4121040029,revenue,"4121040029","รายได้ของสำนักส่งเสริมและบริการวิชาการฯ",budget_account_r43400,,true,
budget_account_r4121040031,revenue,"4121040031","รายได้จากการจำหน่ายครุภัณฑ์",budget_account_r43400,,true,
budget_account_r4121040032,revenue,"4121040032","รายได้จากการขอใช้สถานที่",budget_account_r43400,,true,
budget_account_r4121040033,revenue,"4121040033","รายได้ค่าเช่าที่ราชพัสดุ",budget_account_r43400,,true,
budget_account_r4121040035,revenue,"4121040035","รายได้ค่าบำรุงจากร้านค้า",budget_account_r43400,,true,
budget_account_r4121040036,revenue,"4121040036","รายได้จากร้านค้าเพื่อจ้างเหมาทำความสะอาด",budget_account_r43400,,true,
budget_account_r4121040037,revenue,"4121040037","เงินจัดสรรรายได้คงเหลือจากการดำเนินการสอบคัดเลือกจาก สกอ.",budget_account_r43400,,true,
budget_account_r4121040038,revenue,"4121040038","รายได้ค่าบำรุงหน่วยงานต้นสังกัดของบุคลากรภายใน",budget_account_r43400,,true,
budget_account_r4121040039,revenue,"4121040039","รายได้ส่วนแบ่งเปอร์เซ็นต์จากการจำหน่ายสินค้าจากตู้สินค้าอัตโนมัติ",budget_account_r43400,,true,
budget_account_r4121040041,revenue,"4121040041","รายได้จากการจำหน่ายสินค้าของคณะ",budget_account_r43400,,true,
budget_account_r4121040042,revenue,"4121040042","รายได้จากการจำหน่ายของที่ระลึก",budget_account_r43400,,true,
budget_account_r4121040043,revenue,"4121040043","รายได้ค่าทำบัตรนักศึกษาหอพัก",budget_account_r43400,,true,
budget_account_r4121040044,revenue,"4121040044","รายได้จากการจำหน่ายวัสดุอุปกรณ์(ซาก,พัสดุ)",budget_account_r43400,,true,
budget_account_r4121040045,revenue,"4121040045","รายได้ค่าใบรับรองแพทย์",budget_account_r43400,,true,
budget_account_r4121040046,revenue,"4121040046","รายได้ค่าบัตรติดรถยนต์",budget_account_r43400,,true,
budget_account_r4121040047,revenue,"4121040047","รายได้จากการชดใช้ค่าเสียหาย (เช่น กรณีรถบรรทุกเกี่ยวสายไฟฟ้า )",budget_account_r43400,,true,
budget_account_r4121040048,revenue,"4121040048","รายได้ค่าน้ำประปาจากการขอใช้สถานที่",budget_account_r43400,,true,
budget_account_r4121040049,revenue,"4121040049","รายได้ค่าไฟฟ้าจากการขอใช้สถานที่",budget_account_r43400,,true,
budget_account_r4121040050,revenue,"4121040050","รายได้จาการชดใช้กรณีทำลายอุปกรณ์ล็อคล้อ",budget_account_r43400,,true,
budget_account_r4121040051,revenue,"4121040051","รายได้ค่าบริการตรวจร่างกายของนักศึกษา และนักศึกษาใหม่",budget_account_r43400,,true,
budget_account_r4121040096,revenue,"4121040096","รายได้เงินสนับสนุนจากศูนย์เกษตรฯชุมพร",budget_account_r43400,,true,
budget_account_r4121040097,revenue,"4121040097","รายได้เงินสนับสนุนจากโรงนมกรมหลวงชุมพร",budget_account_r43400,,true,
budget_account_r4121040098,revenue,"4121040098","รายได้ค่าบำรุงส่วนของสำนักส่งเสริมฯ",budget_account_r43400,,true,
budget_account_r4121040099,revenue,"4121040099","รายได้เบ็ดเตล็ดอื่น",budget_account_r43400,,true,
budget_account_r_interest,revenue,"r_interest","รายได้ดอกเบี้ย",,,true,
budget_account_r4123000001,revenue,"4123000001","รายได้จากดอกเบี้ยเงินฝากธนาคารและสถาบันการเงิน",budget_account_r_interest,,true,
budget_account_r4123000002,revenue,"4123000002","รายได้ดอกเบี้ยจากการลงทุน",budget_account_r_interest,,true,
budget_account_r43500,revenue,"43500","รายได้จากการรับบริจาค หรือ เงินอุดหนุน",,,true,
budget_account_r4122000001,revenue,"4122000001","รายได้จากการรับบริจาคหรือเงินอุดหนุน",budget_account_r43500,,true,
budget_account_r4122000002,revenue,"4122000002","รายได้จากการรับบริจาค (อาคาร)",budget_account_r43500,,true,
budget_account_r4122000003,revenue,"4122000003","รายได้จากการรับบริจาค (ครุภัณฑ์)",budget_account_r43500,,true,
budget_account_r4122000004,revenue,"4122000004","รายได้จากการรับบริจาค-สินทรัพย์ไม่มีตัวตน",budget_account_r43500,,true,
budget_account_r4122000005,revenue,"4122000005","รายได้จากการรับบริจาค (สินทรัพย์โครงสร้างพื้นฐาน)",budget_account_r43500,,true,
budget_account_r4122000006,revenue,"4122000006","รายได้จากเงินบริจาค-ทอท.",budget_account_r43500,,true,
budget_account_r4122000008,revenue,"4122000008","รายได้จากการรับเงินบริจาคครบรอบสถาบัน",budget_account_r43500,,true,
budget_account_r4122000009,revenue,"4122000009","รายได้จากเงินสมทบเททองหล่อพระ/ค่าเช่าพระ",budget_account_r43500,,true,
budget_account_r4122000011,revenue,"4122000011","รายได้จากการรับเงินสนับสนุนเพื่อการศึกษา",budget_account_r43500,,true,
budget_account_r4122000012,revenue,"4122000012","รายได้จากการรับบริจาคผู้ประสบภัยน้ำท่วม",budget_account_r43500,,true,
budget_account_r4122000014,revenue,"4122000014","รายได้จากการรับเงินสนับสนุนค่าใช้จ่ายในการจัดงาน",budget_account_r43500,"สนับสนุนกิจกรรมสถาบัน เช่น งานปีใหม่ งานวิ่งการกุศล เป็นต้น",true,
budget_account_r4122000015,revenue,"4122000015","รายได้จากการรับเงินสนับสนุนกิจกรรม/โครงการของนักศึกษา",budget_account_r43500,,true,
budget_account_r4122000016,revenue,"4122000016","รายได้จากเงินบริจาคเพื่อสนับสนุนการวิจัย (เช่น การทำข้อตกลง MOU เป็นต้น)",budget_account_r43500,,true,
budget_account_r4122000017,revenue,"4122000017","รายได้จาการรับบริจาค (อาคารที่พักอาศัย -ทอท.)",budget_account_r43500,,true,
budget_account_r4122000018,revenue,"4122000018","รายได้จากเงินบริจาคโครงการ Love4",budget_account_r43500,,true,
budget_account_r4122000021,revenue,"4122000021","รายได้จากการอุดหนุน-หน่วยงานภาครัฐ(สถาบันไทยโคเซ็น)",budget_account_r43500,,true,
budget_account_r4122000023,revenue,"4122000023","รายได้จากการอุดหนุน-หน่วยงานภาครัฐ(โครงการผลิตบัณฑิตพันธุ์ใหม่)",budget_account_r43500,,true,
budget_account_r4122000024,revenue,"4122000024","รายได้จากการอุดหนุน-หน่วยงานภาครัฐ(โครงการเรียนรู้ตลอดชีวิตฯ)/(Upskill/Reskill)",budget_account_r43500,,true,
budget_account_r4122000025,revenue,"4122000025","รายได้จากการอุดหนุน-หน่วยงานภาครัฐ(การทำข้อตกลง MOU เป็นต้น)",budget_account_r43500,,true,
budget_account_r43600,revenue,"43600","เงินบริจาคหรือเงินอุดหนุน",budget_account_r43500,,true,
budget_account_r2210000001,revenue,"2210000001","กองทุนการศึกษาสมาคมศิษย์เก่า สจล.",budget_account_r43600,,true,
budget_account_r2210000002,revenue,"2210000002","กองทุนการศึกษา นท.ทินกรฯ สจล.",budget_account_r43600,,true,
budget_account_r2210000003,revenue,"2210000003","กองทุนการศึกษา สจ.พิชัย ฮั่งจันทร์เพ็ญ",budget_account_r43600,,true,
budget_account_r2210000004,revenue,"2210000004","กองทุนการศึกษา ดร.อดิศัย โพธารามิก",budget_account_r43600,,true,
budget_account_r2210000005,revenue,"2210000005","สจล.กองทุนบริษัทปูนซีเมนต์ไทยและบริษัทในเครือ",budget_account_r43600,,true,
budget_account_r2210000006,revenue,"2210000006","เงินทุนการศึกษา สจ.ประสม-ยุภาพงศ์ รังสิโรจน์",budget_account_r43600,,true,
budget_account_r2210000007,revenue,"2210000007","เงินทุนการศึกษา ทุนนายแก้วขวัญ วัชโรทัย",budget_account_r43600,,true,
budget_account_r2210000008,revenue,"2210000008","เงินทุนการศึกษา สฤกดิ์คุณ สจล.",budget_account_r43600,,true,
budget_account_r2210000009,revenue,"2210000009","เงินทุนการศึกษา ศ.พงษ์ศักดิ์ วรสุนทโรสถ",budget_account_r43600,,true,
budget_account_r2210000010,revenue,"2210000010","เงินทุนการศึกษากลุ่มบริษัทสุราทิพย์ สจล.",budget_account_r43600,,true,
budget_account_r2210000011,revenue,"2210000011","เงินทุนการศึกษา 3 เอ็ม สจล.",budget_account_r43600,,true,
budget_account_r2210000012,revenue,"2210000012","เงินทุนเพื่อการศึกษา",budget_account_r43600,,true,
budget_account_r2210000013,revenue,"2210000013","เงินทุนประนอม พังงา",budget_account_r43600,,true,
budget_account_r2210000027,revenue,"2210000027","กองทุนการศึกษา คุณพรพิรุณ กวีสิทธิสาร สจล.",budget_account_r43600,,true,
budget_account_r2230000003,revenue,"2230000003","โครงการพัฒนากำลังคนด้านวิศวกรรมศาสตร์เทคโนโลยีและนวัตกรรม(โคเซ็น)",budget_account_r43600,,true,
budget_account_r2230000004,revenue,"2230000004","โครงการผลิตบัณฑิตพันธุ์ใหม่เพื่อสร้างกำลังคนที่มีสมรรถนะสูง สำหรับอุตสาหกรรม New Growth Engine",budget_account_r43600,,true,
budget_account_r43700,revenue,"43700","รายได้อื่น",,,true,
budget_account_r4121050001,revenue,"4121050001","เงินรับคืน-เงินเดือน",budget_account_r43700,,true,
budget_account_r4121050002,revenue,"4121050002","เงินรับคืน-ค่าจ้างประจำ",budget_account_r43700,,true,
budget_account_r4121050003,revenue,"4121050003","เงินรับคืน-ค่าจ้างชั่วคราว",budget_account_r43700,,true,
budget_account_r4121050004,revenue,"4121050004","เงินรับคืน-เงินประจำตำแหน่ง",budget_account_r43700,,true,
budget_account_r4121050005,revenue,"4121050005","เงินรับคืน-ค่าตอบแทน",budget_account_r43700,,true,
budget_account_r4121050006,revenue,"4121050006","เงินรับคืน-ค่าสาธารณูปโภค",budget_account_r43700,,true,
budget_account_r4121050007,revenue,"4121050007","เงินรับคืน-ค่าใช้สอย",budget_account_r43700,,true,
budget_account_r4121050008,revenue,"4121050008","เงินรับคืน-เงินอุดหนุนพนักงาน",budget_account_r43700,,true,
budget_account_r4121050009,revenue,"4121050009","เงินรับคืน-รายจ่ายอื่น",budget_account_r43700,,true,
budget_account_r4121050010,revenue,"4121050010","เงินรับคืนอื่นๆ",budget_account_r43700,,true,
budget_account_r4121050011,revenue,"4121050011","เงินรับคืน-โครงการวิจัย",budget_account_r43700,,true,
budget_account_r43800,revenue,"43800","บัญชีพักรายได้",,,true,
budget_account_r4124000001,revenue,"4124000001","บัญชีพักรายได้",budget_account_r43800,,true,
budget_account_r4124000002,revenue,"4124000002","บัญชีพักรายได้ค่าหน่วยกิจเพื่อจัดสรรเข้ากองทุ น",budget_account_r43800,,true,
budget_account_r4124000003,revenue,"4124000003","เงินสนับสนุนค่าสาธารณูปโภค 10 %",budget_account_r43800,,true,
budget_account_r4124000005,revenue,"4124000005","เงินสนับสนุนค่าใช้จ่ายระบบ Internet 2 %",budget_account_r43800,,true,
