id,code,name,parent_id/id,level
Y00,Y00,แผนยุทธศาสตร์ชาติ 20 ปี,,1
Y101,Y101,1. ด้านความมั่นคง,Y00,1
Y1010101,Y1010101,เป้าหมายที่ 1.1 ประชาชนอยู่ดี กินดี และมีความสุข,Y101,1
Y1010102,Y1010102,เป้าหมายที่ 1.2 บ้านเมืองมีความมั่นคงในทุกมิติและทุกระดับ,Y101,1
Y1010103,Y1010103,เป้าหมายที่ 1.3 กองทัพ หน่วยงานด้านความมั่นคง ภาครัฐ ภาคเอกชน และภาคประชาชน มีความพร้อมในการป้องกันและแก้ไขปัญหาความมั่นคง,Y101,1
Y1010104,Y1010104,เป้าหมายที่ 1.4 ประเทศไทยมีบทบาทด้านความมั่นคงเป็นที่ชื่นชมและได้รับการยอมรับโดยประชาคมระหว่างประเทศ,Y101,1
Y1010105,Y1010105,เป้าหมายที่ 1.5 การบริหารจัดการความมั่นคงมีผลสำเร็จที่เป็นรูปธรรมอย่างมีประสิทธิภาพ,Y101,1
Y201,Y201,2. ด้านการสร้างความสามารถในการแข่งขัน,Y00,1
Y2010101,Y2010101,เป้าหมายที่ 2.1 ประเทศไทยเป็นประเทศที่พัฒนาแล้ว เศรษฐกิจเติบโตอย่างมีเสถียรภาพและยั่งยืน,Y201,1
Y2010102,Y2010102,เป้าหมายที่ 2.2 ประเทศไทยมีขีดความสามารถในการแข่งขันสูงขึ้น,Y201,1
Y301,Y301,3. ด้านการพัฒนาและเสริมสร้างศักยภาพทรัพยากรมนุษย์,Y00,1
Y3010101,Y3010101,เป้าหมายที่ 3.1 คนไทยเป็นคนดี คนเก่ง มีคุณภาพ พร้อมสำหรับวิถีชีวิตในศตวรรษที่ 21,Y301,1
Y3010102,Y3010102,เป้าหมายที่ 3.2 สังคมไทยมีสภาพแวดล้อมที่เอื้อและสนับสนุนต่อการพัฒนาคนตลอดช่วงชีวิต,Y301,1
Y401,Y401,4. ด้านการสร้างโอกาสและความเสมอภาคทางสังคม,Y00,1
Y4010101,Y4010101,เป้าหมายที่ 4.1 สร้างความเป็นธรรม และลดความเหลื่อมล้ำในทุกมิติ,Y401,1
Y4010102,Y4010102,เป้าหมายที่ 4.2 กระจายศูนย์กลางความเจริญทางเศรษฐกิจและสังคม เพิ่มโอกาสให้ทุกภาคส่วนเข้ามาเป็นกำลังของการพัฒนาประเทศในทุกระดับ,Y401,1
Y4010103,Y4010103,เป้าหมายที่ 4.3 เพิ่มขีดความสามารถของชุมชนท้องถิ่นในการพัฒนา การพึ่งตนเองและการจัดการตนเองเพื่อสร้างสังคมคุณภาพ,Y401,1
Y501,Y501,5. ด้านการสร้างการเติบโตบนคุณภาพชีวิตที่เป็นมิตรต่อสิ่งแวดล้อม,Y00,1
Y5010101,Y5010101,เป้าหมายที่ 5.1 อนุรักษ์และรักษาทรัพยากรธรรมชาติ สิ่งแวดล้อม และวัฒนธรรม ให้คนรุ่นต่อไปได้ใช้อย่างยั่งยืน มีสมดุล,Y501,1
Y5010102,Y5010102,เป้าหมายที่ 5.2 ฟื้นฟูและสร้างใหม่ฐานทรัพยากรธรรมชาติและสิ่งแวดล้อม เพื่อลดผลกระทบทางลบจากการพัฒนาสังคมเศรษฐกิจของประเทศ,Y501,1
Y5010103,Y5010103,เป้าหมายที่ 5.3 ใช้ประโยชน์และสร้างการเติบโต บนฐานทรัพยากรธรรมชาติและสิ่งแวดล้อมให้สมดุลภายในขีดความสามารถของระบบนิเวศ,Y501,1
Y5010104,Y5010104,เป้าหมายที่ 5.4 ยกระดับกระบวนทัศน์เพื่อกำหนดอนาคตประเทศด้านทรัพยากรธรรมชาติสิ่งแวดล้อมและวัฒนธรรม บนหลักของการมีส่วนร่วม และธรรมาภิบาล,Y501,1
Y601,Y601,6. ด้านการปรับสมดุลและพัฒนาระบบการบริหารจัดการภาครัฐ,Y00,1
Y6010101,Y6010101,เป้าหมายที่ 6.1 ภาครัฐมีวัฒนธรรมการทำงานที่มุ่งผลสัมฤทธิ์และผลประโยชน์ส่วนรวม ตอบสนองความต้องการของประชาชนได้อย่างสะดวก รวดเร็ว โปร่งใส,Y601,1
Y6010102,Y6010102,เป้าหมายที่ 6.2 ภาครัฐมีขนาดที่เล็กลง พร้อมปรับตัวให้ทันต่อการเปลี่ยนแปลง,Y601,1
Y6010103,Y6010103,เป้าหมายที่ 6.3 ภาครัฐมีความโปร่งใส ปลอดการทุจริตและประพฤติมิชอบ,Y601,1
Y6010104,Y6010104,เป้าหมายที่ 6.4 กระบวนการยุติธรรม เป็นไปเพื่อประโยชน์ต่อส่วนรวมของประเทศ,Y601,1
MP,MP,แผนแม่บทภายใต้ยุทธศาสตร์ชาติ,,2
MP01,MP01,1. ประเด็นความมั่นคง,MP,2
MP0101,MP0101,แผนย่อยที่ 1.1 แผนย่อยการรักษาความสงบภายในประเทศ,MP01,2
MP0102,MP0102,แผนย่อยที่ 1.2 แผนย่อยการป้องกันและแก้ไขปัญหาที่มีผลกระทบต่อความมั่นคง,MP01,2
MP0103,MP0103,แผนย่อยที่ 1.3 แผนย่อยการพัฒนาศักยภาพของประเทศให้พร้อมเผชิญภัยคุกคามที่กระทบต่อความมั่นคงของชาติ,MP01,2
MP0104,MP0104,แผนย่อยที่ 1.4 แผนย่อยการบูรณาการความร่วมมือด้านความมั่นคงกับอาเซียน และนานาชาติ รวมทั้งองค์กรภาครัฐ และมิใช่ภาครัฐ,MP01,2
MP0105,MP0105,แผนย่อยที่ 1.5 แผนย่อยการพัฒนากลไกการบริหารจัดการความมั่นคงแบบองค์รวม,MP01,2
MP02,MP02,2. ประเด็นการต่างประเทศ,MP,2
MP0201,MP0201,แผนย่อยที่ 2.1 แผนย่อยความร่วมมือด้านความมั่นคงระหว่างประเทศ,MP02,2
MP0202,MP0202,แผนย่อยที่ 2.2 แผนย่อยความร่วมมือด้านเศรษฐกิจและความร่วมมือเพื่อการพัฒนาระหว่างประเทศ,MP02,2
MP0203,MP0203,แผนย่อยที่ 2.3 แผนย่อยการพัฒนาที่สอดคล้องกับมาตรฐานสากลและพันธกรณีระหว่างประเทศ,MP02,2
MP0204,MP0204,แผนย่อยที่ 2.4 แผนย่อยการส่งเสริมสถานะและบทบาทของประเทศไทยในประชาคมโลก,MP02,2
MP0205,MP0205,แผนย่อยที่ 2.5 แผนย่อยการต่างประเทศมีเอกภาพและบูรณาการ,MP02,2
MP03,MP03,3. ประเด็นการเกษตร,MP,2
MP0301,MP0301,แผนย่อยที่ 3.1 แผนย่อยเกษตรอัตลักษณ์พื้นถิ่น,MP03,2
MP0302,MP0302,แผนย่อยที่ 3.2 แผนย่อยเกษตรปลอดภัย,MP03,2
MP0303,MP0303,แผนย่อยที่ 3.3 แผนย่อยเกษตรชีวภาพ,MP03,2
MP0304,MP0304,แผนย่อยที่ 3.4 แผนย่อยเกษตรแปรรูป,MP03,2
MP0305,MP0305,แผนย่อยที่ 3.5 แผนย่อยเกษตรอัจฉริยะ,MP03,2
MP0306,MP0306,แผนย่อยที่ 3.6 แผนย่อยการพัฒนาระบบนิเวศการเกษตร,MP03,2
MP04,MP04,4. ประเด็นอุตสาหกรรมและบริการแห่งอนาคต,MP,2
MP0401,MP0401,แผนย่อยที่ 4.1 แผนย่อยอุตสาหกรรมชีวภาพ,MP04,2
MP0402,MP0402,แผนย่อยที่ 4.2 แผนย่อยอุตสาหกรรมและบริการการแพทย์ครบวงจร,MP04,2
MP0403,MP0403,แผนย่อยที่ 4.3 แผนย่อยอุตสาหกรรมและบริการดิจิทัล ข้อมูล และปัญญาประดิษฐ์,MP04,2
MP0404,MP0404,แผนย่อยที่ 4.4 แผนย่อยอุตสาหกรรมต่อเนื่องจากการพัฒนาระบบคมนาคม,MP04,2
MP0405,MP0405,แผนย่อยที่ 4.5 แผนย่อยอุตสาหกรรมความมั่นคงของประเทศ,MP04,2
MP0406,MP0406,แผนย่อยที่ 4.6 แผนย่อยการพัฒนาระบบนิเวศอุตสาหกรรมและบริการแห่งอนาคต,MP04,2
MP05,MP05,5. ประเด็นการท่องเที่ยว,MP,2
MP0501,MP0501,แผนย่อยที่ 5.1 แผนย่อยการท่องเที่ยวเชิงสร้างสรรค์และวัฒนธรรม,MP05,2
MP0502,MP0502,แผนย่อยที่ 5.2 แผนย่อยการท่องเที่ยวเชิงธุรกิจ,MP05,2
MP0503,MP0503,แผนย่อยที่ 5.3 แผนย่อยการท่องเที่ยวเชิงสุขภาพ ความงาม และแพทย์แผนไทย,MP05,2
MP0504,MP0504,แผนย่อยที่ 5.4 แผนย่อยการท่องเที่ยวสำราญทางน้ำ,MP05,2
MP0505,MP0505,แผนย่อยที่ 5.5 แผนย่อยการท่องเที่ยวเชื่อมโยงภูมิภาค,MP05,2
MP0506,MP0506,แผนย่อยที่ 5.6 แผนย่อยการพัฒนาระบบนิเวศการท่องเที่ยว,MP05,2
MP06,MP06,6. ประเด็นพื้นที่และเมืองน่าอยู่อัจฉริยะ,MP,2
MP0601,MP0601,แผนย่อยที่ 6.1 แผนย่อยการพัฒนาเมืองน่าอยู่อัจฉริยะ,MP06,2
MP0602,MP0602,แผนย่อยที่ 6.2 แผนย่อยการพัฒนาพื้นที่เมือง ชนบท เกษตรกรรม และอุตสาหกรรมเชิงนิเวศที่มีการบริหารจัดการตามแผนผังภูมินิเวศอย่างยั่งยืน,MP06,2
MP07,MP07,7. ประเด็นโครงสร้างพื้นฐาน ระบบโลจิสติกส์ และดิจิทัล,MP,2
MP0701,MP0701,แผนย่อยที่ 7.1 แผนย่อยโครงสร้างพื้นฐานด้านคมนาคมและระบบโลจิสติกส์,MP07,2
MP0702,MP0702,แผนย่อยที่ 7.2 แผนย่อยโครงสร้างพื้นฐานด้านพลังงาน,MP07,2
MP0703,MP0703,แผนย่อยที่ 7.3 แผนย่อยโครงสร้างพื้นฐานด้านดิจิทัล,MP07,2
MP08,MP08,8. ประเด็นผู้ประกอบการและวิสาหกิจขนาดกลางและขนาดย่อมยุคใหม่,MP,2
MP0801,MP0801,แผนย่อยที่ 8.1 แผนย่อยการสร้างความเข้มแข็งผู้ประกอบการอัจฉริยะ,MP08,2
MP0802,MP0802,แผนย่อยที่ 8.2 แผนย่อยการสร้างโอกาสเข้าถึงบริการทางการเงิน,MP08,2
MP0803,MP0803,แผนย่อยที่ 8.3 แผนย่อยการสร้างโอกาสเข้าถึงตลาด,MP08,2
MP0804,MP0804,แผนย่อยที่ 8.4 แผนย่อยการสร้างระบบนิเวศน์ที่เอื้อต่อการดำเนินธุรกิจของผู้ประกอบการและวิสาหกิจขนาดกลางและขนาดย่อมยุคใหม่,MP08,2
MP09,MP09,9. ประเด็นเขตเศรษฐกิจพิเศษ,MP,2
MP0901,MP0901,แผนย่อยที่ 9.1 แผนย่อยการพัฒนาเขตพัฒนาพิเศษภาคตะวันออก,MP09,2
MP0902,MP0902,แผนย่อยที่ 9.2 แผนย่อยการพัฒนาระเบียงเศรษฐกิจพิเศษ,MP09,2
MP0903,MP0903,แผนย่อยที่ 9.3 แผนย่อยการพัฒนาเขตพัฒนาเศรษฐกิจพิเศษชายแดน,MP09,2
MP10,MP10,10. ประเด็นการปรับเปลี่ยนค่านิยมและวัฒนธรรม,MP,2
MP1001,MP1001,แผนย่อยที่ 10.1 แผนย่อยการปลูกฝังคุณธรรม จริยธรรม ค่านิยม และเสริมสร้างจิตสาธารณะและการเป็นพลเมืองที่ดี,MP10,2
MP1002,MP1002,แผนย่อยที่ 10.2 แผนย่อยการสร้างค่านิยมและวัฒนธรรมที่พึงประสงค์จากภาคธุรกิจ,MP10,2
MP1003,MP1003,แผนย่อยที่ 10.3 แผนย่อยการใช้สื่อและสื่อสารมวลชนในการปลูกฝังค่านิยมและวัฒนธรรมของคนในสังคม,MP10,2
MP11,MP11,11. ประเด็นการพัฒนาศักยภาพคนตลอดช่วงชีวิต,MP,2
MP1101,MP1101,แผนย่อยที่ 11.1 แผนย่อยการสร้างสภาพแวดล้อมที่เอื้อต่อการพัฒนาและเสริมสร้างศักยภาพมนุษย์,MP11,2
MP1102,MP1102,แผนย่อยที่ 11.2 แผนย่อยการพัฒนาเด็กตั้งแต่ช่วงการตั้งครรภ์จนถึงปฐมวัย,MP11,2
MP1103,MP1103,แผนย่อยที่ 11.3 แผนย่อยการพัฒนาช่วงวัยเรียนและวัยรุ่น,MP11,2
MP1104,MP1104,แผนย่อยที่ 11.4 แผนย่อยการพัฒนาและยกระดับศักยภาพวัยแรงงาน,MP11,2
MP1105,MP1105,แผนย่อยที่ 11.5 แผนย่อยการส่งเสริมศักยภาพวัยผู้สูงอายุ,MP11,2
MP12,MP12,12. ประเด็นการพัฒนาการเรียนรู้,MP,2
MP1201,MP1201,แผนย่อยที่ 12.1 แผนย่อยการปฏิรูปกระบวนการเรียนรู้ที่ตอบสนองต่อการเปลี่ยนแปลงในศตวรรษที่ 21,MP12,2
MP1202,MP1202,แผนย่อยที่ 12.2 แผนย่อยการตระหนักถึงพหุปัญญาของมนุษย์ที่หลากหลาย,MP12,2
MP13,MP13,13. ประเด็นการเสริมสร้างให้คนไทยมีสุขภาวะที่ดี,MP,2
MP1301,MP1301,แผนย่อยที่ 13.1 แผนย่อยการสร้างความรอบรู้ด้านสุขภาวะและการป้องกันและควบคุมปัจจัยเสี่ยงที่คุกคามสุขภาวะ,MP13,2
MP1302,MP1302,แผนย่อยที่ 13.2 แผนย่อยการใช้ชุมชนเป็นฐานในการสร้างสภาพแวดล้อมที่เอื้อต่อการมีสุขภาวะที่ดี,MP13,2
MP1303,MP1303,แผนย่อยที่ 13.3 แผนย่อยการพัฒนาระบบบริการสุขภาพที่ทันสมัยสนับสนุนการสร้างสุขภาวะที่ดี,MP13,2
MP1304,MP1304,แผนย่อยที่ 13.4 แผนย่อยการกระจายบริการสาธารณสุขอย่างทั่วถึงและมีคุณภาพ,MP13,2
MP1305,MP1305,แผนย่อยที่ 13.5 แผนย่อยการพัฒนาและสร้างระบบรับมือและปรับตัวต่อโรคอุบัติใหม่และโรคอุบัติซ้ำที่เกิดจากเปลี่ยนแปลงสภาพภูมิอากาศ,MP13,2
MP14,MP14,14. ประเด็นศักยภาพการกีฬา,MP,2
MP1401,MP1401,แผนย่อยที่ 14.1 แผนย่อยการส่งเสริมการออกกำลังกาย และกีฬาขั้นพื้นฐานให้กลายเป็นวิถีชีวิตและการส่งเสริม ให้ประชาชนมีส่วนร่วมในกิจกรรมออกกำลังกาย กีฬาและนันทนาการ,MP14,2
MP1402,MP1402,แผนย่อยที่ 14.2 แผนย่อยการส่งเสริมการกีฬาเพื่อพัฒนาสู่ระดับอาชีพ,MP14,2
MP1403,MP1403,แผนย่อยที่ 14.3 แผนย่อยการพัฒนาบุคลากรด้านการกีฬาและนันทนาการ,MP14,2
MP15,MP15,15. ประเด็นพลังทางสังคม,MP,2
MP1501,MP1501,แผนย่อยที่ 15.1 แผนย่อยการเสริมสร้างทุนทางสังคม,MP15,2
MP1502,MP1502,แผนย่อยที่ 15.2 แผนย่อยการรองรับสังคมสูงวัยเชิงรุก,MP15,2
MP16,MP16,16. ประเด็นเศรษฐกิจฐานราก,MP,2
MP1601,MP1601,แผนย่อยที่ 16.1 แผนย่อยการยกระดับศักยภาพการเป็นผู้ประกอบการธุรกิจ,MP16,2
MP1602,MP1602,แผนย่อยที่ 16.2 แผนย่อยการสร้างสภาพแวดล้อมและกลไกที่ส่งเสริมการพัฒนาเศรษฐกิจฐานราก,MP16,2
MP17,MP17,17. ประเด็นความเสมอภาคและหลักประกันทางสังคม,MP,2
MP1701,MP1701,แผนย่อยที่ 17.1 แผนย่อยการคุ้มครองทางสังคมขั้นพื้นฐานและหลักประกันทางเศรษฐกิจสังคม และสุขภาพ,MP17,2
MP1702,MP1702,แผนย่อยที่ 17.2 แผนย่อยมาตรการแบบเจาะจงกลุ่มเป้าหมายเพื่อแก้ปัญหาเฉพาะกลุ่ม,MP17,2
MP18,MP18,18. ประเด็นการเติบโตอย่างยั่งยืน,MP,2
MP1801,MP1801,แผนย่อยที่ 18.1 แผนย่อยการสร้างการเติบโตอย่างยั่งยืนบนสังคมเศรษฐกิจสีเขียว,MP18,2
MP1802,MP1802,แผนย่อยที่ 18.2 แผนย่อยการสร้างการเติบโตอย่างยั่งยืนบนสังคมเศรษฐกิจภาคทะเล,MP18,2
MP1803,MP1803,แผนย่อยที่ 18.3 แผนย่อยการสร้างการเติบโตอย่างยั่งยืนบนสังคมที่เป็นมิตรต่อสภาพภูมิอากาศ,MP18,2
MP1804,MP1804,แผนย่อยที่ 18.4 แผนย่อยการจัดการมลพิษที่มีผลกระทบต่อสิ่งแวดล้อมและสารเคมีในภาคเกษตรทั้งระบบให้เป็นไปตามมาตรฐานสากล,MP18,2
MP1805,MP1805,แผนย่อยที่ 18.5 แผนย่อยการยกระดับกระบวนทัศน์เพื่อกำหนดอนาคตประเทศ,MP18,2
MP19,MP19,19. ประเด็นการบริหารจัดการน้ำทั้งระบบ,MP,2
MP1901,MP1901,แผนย่อยที่ 19.1 แผนย่อยการพัฒนาการจัดการน้ำเชิงลุ่มน้ำทั้งระบบเพื่อเพิ่มความมั่นคงด้านน้ำของประเทศ,MP19,2
MP1902,MP1902,แผนย่อยที่ 19.2 แผนย่อยการเพิ่มผลิตภาพของน้ำทั้งระบบในการใช้น้ำอย่างประหยัดรู้คุณค่าและสร้างมูลค่าเพิ่มจากการใช้น้ำให้ทัดเทียมกับระดับสากล,MP19,2
MP1903,MP1903,แผนย่อยที่ 19.3 แผนย่อยการอนุรักษ์และฟื้นฟูแม่น้ำลำคลองและแหล่งน้ำธรรมชาติทั่วประเทศ,MP19,2
MP20,MP20,20. ประเด็นการบริการประชาชนและประสิทธิภาพภาครัฐ,MP,2
MP2001,MP2001,แผนย่อยที่ 20.1 แผนย่อยการพัฒนาบริการประชาชน,MP20,2
MP2002,MP2002,แผนย่อยที่ 20.2 แผนย่อยการบริหารจัดการการเงินการคลัง,MP20,2
MP2003,MP2003,แผนย่อยที่ 20.3 แผนย่อยการปรับสมดุลภาครัฐ,MP20,2
MP2004,MP2004,แผนย่อยที่ 20.4 แผนย่อยการพัฒนาระบบบริหารงานภาครัฐ,MP20,2
MP2005,MP2005,แผนย่อยที่ 20.5 แผนย่อยการสร้างและพัฒนาบุคลากรภาครัฐ,MP20,2
MP21,MP21,21. ประเด็นการต่อต้านการทุจริตและประพฤติมิชอบ,MP,2
MP2101,MP2101,แผนย่อยที่ 21.1 แผนย่อยการป้องกันการทุจริตและประพฤติมิชอบ,MP21,2
MP2102,MP2102,แผนย่อยที่ 21.2 แผนย่อยการปราบปรามการทุจริต,MP21,2
MP22,MP22,22. ประเด็นกฎหมายและกระบวนการยุติธรรม,MP,2
MP2201,MP2201,แผนย่อยที่ 22.1 แผนย่อยการพัฒนากฎหมาย,MP22,2
MP2202,MP2202,แผนย่อยที่ 22.2 แผนย่อยการพัฒนากระบวนการยุติธรรม,MP22,2
MP23,MP23,23. ประเด็นการวิจัยและพัฒนานวัตกรรม,MP,2
MP2301,MP2301,แผนย่อยที่ 23.1 แผนย่อยการวิจัยและพัฒนานวัตกรรม ด้านเศรษฐกิจ,MP23,2
MP2302,MP2302,แผนย่อยที่ 23.2 แผนย่อยการวิจัยและพัฒนานวัตกรรม ด้านสังคม,MP23,2
MP2303,MP2303,แผนย่อยที่ 23.3 แผนย่อยการวิจัยและพัฒนานวัตกรรม ด้านสิ่งแวดล้อม,MP23,2
MP2304,MP2304,แผนย่อยที่ 23.4 แผนย่อยการวิจัยและพัฒนานวัตกรรม ด้านองค์ความรู้พื้นฐาน,MP23,2
MP2305,MP2305,แผนย่อยที่ 23.5 แผนย่อยด้านปัจจัยสนับสนุนในการวิจัยและพัฒนานวัตกรรม,MP23,2
P13,P13,แผนพัฒนาเศรษฐกิจและสังคมแห่งชาติ ฉบับที่ 13,,2
P1301,P1301,หมุดหมายที่ 1 ไทยเป็นประเทศชั้นนำด้านสินค้าเกษตรและเกษตรแปรรูปมูลค่าสูง,P13,2
P130101,P130101,เป้าหมายที่ 1.1 มูลค่าเพิ่มของสินค้าเกษตรและเกษตรแปรรูปสูงขึ้น,P1301,2
P130102,P130102,เป้าหมายที่ 1.2 การพัฒนาโครงสร้างพื้นฐานและระบบบริหารจัดการ เพื่อคุณภาพ ความมั่นคงทางอาหาร และความยั่งยืนของภาคเกษตร,P1301,2
P130103,P130103,เป้าหมายที่ 1.3 การเพิ่มศักยภาพและบทบาทของผู้ประกอบการเกษตรในฐานะหุ้นส่วนเศรษฐกิจของห่วงโซ่อุปทานที่ได้รับส่วนแบ่งประโยชน์อย่างเหมาะสมและเป็นธรรม,P1301,2
P1302,P1302,หมุดหมายที่ 2 ไทยเป็นจุดหมายของการท่องเที่ยวที่เน้นคุณภาพและความยั่งยืน,P13,2
P130201,P130201,เป้าหมายที่ 2.1 การเปลี่ยนการท่องเที่ยวไทยเป็นการท่องเที่ยวคุณภาพสูงที่เชื่อมโยงกับอุตสาหกรรมและบริการที่มีศักยภาพอื่น,P1302,2
P130202,P130202,เป้าหมายที่ 2.2 การปรับโครงสร้างการท่องเที่ยวให้พึ่งพานักท่องเที่ยวในประเทศและมีการกระจายโอกาสทางเศรษฐกิจมากขึ้น,P1302,2
P130203,P130203,เป้าหมายที่ 2.3 การท่องเที่ยวไทยต้องมีการบริหารจัดการอย่างยั่งยืนในทุกมิติ,P1302,2
P1303,P1303,หมุดหมายที่ 3 ไทยเป็นฐานการผลิตยานยนต์ไฟฟ้าที่สำคัญของโลก,P13,2
P130301,P130301,เป้าหมายที่ 3.1 การสร้างอุปสงค์ของรถยนต์ไฟฟ้าประเภทต่าง ๆ เพื่อการใช้ในประเทศและส่งออก,P1303,2
P130302,P130302,เป้าหมายที่ 3.2 ผู้ประกอบการเดิมสามารถปรับตัวไปสู่การผลิตยานยนต์ไฟฟ้าและมีการลงทุนเทคโนโลยียานยนต์ไฟฟ้าที่สำคัญภายในประเทศ,P1303,2
P130303,P130303,เป้าหมายที่ 3.3 การสร้างความพร้อมของปัจจัยสนับสนุนอย่างเป็นระบบ,P1303,2
P1304,P1304,หมุดหมายที่ 4 ไทยเป็นศูนย์กลางทางการแพทย์และสุขภาพมูลค่าสูง,P13,2
P130401,P130401,เป้าหมายที่ 4.1 ไทยมีศักยภาพในการสร้างมูลค่าทางเศรษฐกิจจากสินค้าและบริการสุขภาพ,P1304,2
P130402,P130402,เป้าหมายที่ 4.2 องค์ความรู้ด้านการแพทย์และสาธารณสุขมีศักยภาพ เอื้อต่อการสร้างมูลค่าเพิ่มในสินค้า และบริการทางสุขภาพ,P1304,2
P130403,P130403,เป้าหมายที่ 4.3 ประชาชนไทยได้รับความเป็นธรรมในการเข้าถึงบริการสุขภาพ,P1304,2
P130404,P130404,เป้าหมายที่ 4.4 ระบบบริหารจัดการภาวะฉุกเฉินด้านสุขภาพมีความพร้อมรองรับภัยคุกคามสุขภาพ,P1304,2
P1305,P1305,หมุดหมายที่ 5 ไทยเป็นประตูการค้าการลงทุนและยุทธศาสตร์ทางโลจิสติกส์ที่สำคัญของภูมิภาค,P13,2
P130501,P130501,เป้าหมายที่ 5.1 ไทยเป็นประตูการค้าการลงทุนในภูมิภาค,P1305,2
P130502,P130502,เป้าหมายที่ 5.2 ไทยเป็นห่วงโซ่อุปทานของภูมิภาค,P1305,2
P130503,P130503,เป้าหมายที่ 5.3 ไทยเป็นประตูและทางเชื่อมโครงข่ายคมนาคมและโลจิสติกส์ของภูมิภาค,P1305,2
P1306,P1306,หมุดหมายที่ 6 ไทยเป็นศูนย์กลางอุตสาหกรรมอิเล็กทรอนิกส์อัจฉริยะและอุตสาหกรรมดิจิทัลของอาเซียน,P13,2
P130601,P130601,เป้าหมายที่ 6.1 เศรษฐกิจดิจิทัลภายในประเทศมีการขยายตัวเพิ่มขึ้น,P1306,2
P130602,P130602,เป้าหมายที่ 6.2 การส่งออกของอุตสาหกรรมอิเล็กทรอนิกส์อัจฉริยะของประเทศเพิ่มขึ้น,P1306,2
P130603,P130603,เป้าหมายที่ 6.3 อุตสาหกรรมดิจิทัลและอุตสาหกรรมอิเล็กทรอนิกส์อัจฉริยะของประเทศมีความเข้มแข็งขึ้น,P1306,2
P1307,P1307,หมุดหมายที่ 7 ไทยมีวิสาหกิจขนาดกลางและขนาดย่อมที่เข้มแข็ง มีศักยภาพสูง และสามารถแข่งขันได้,P13,2
P130701,P130701,เป้าหมายที่ 7.1 วิสาหกิจขนาดกลางและขนาดย่อมมีสภาพแวดล้อมที่เอื้ออำนวยต่อการเติบโตและแข่งขันได้,P1307,2
P130702,P130702,เป้าหมายที่ 7.2 วิสาหกิจขนาดกลางและขนาดย่อม มีศักยภาพสูงในการดำเนินธุรกิจ สามารถยกระดับและปรับตัวเข้าสู่การแข่งขันใหม่,P1307,2
P130703,P130703,เป้าหมายที่ 7.3 วิสาหกิจขนาดกลางและขนาดย่อมสามารถเข้าถึงและได้รับการส่งเสริมอย่างมีประสิทธิผลจากภาครัฐ,P1307,2
P1308,P1308,หมุดหมายที่ 8 ไทยมีพื้นที่และเมืองอัจฉริยะที่น่าอยู่ ปลอดภัย เติบโตได้อย่างยั่งยืน,P13,2
P130801,P130801,เป้าหมายที่ 8.1 การเจริญเติบโตทางเศรษฐกิจของภาคและการลงทุนในเขตเศรษฐกิจพิเศษขยายตัวเพิ่มขึ้น,P1308,2
P130802,P130802,เป้าหมายที่ 8.2 ความไม่เสมอภาคในการกระจายรายได้ของภาคลดลง,P1308,2
P130803,P130803,เป้าหมายที่ 8.3 การพัฒนาเมืองให้มีความน่าอยู่ อย่างยั่งยืน มีความพร้อมในการรับมือและปรับตัวต่อการเปลี่ยนแปลงทุกรูปแบบ เพื่อให้ประชาชนทุกกลุ่มมีคุณภาพชีวิตที่ดีอย่างทั่วถึง,P1308,2
P1309,P1309,หมุดหมายที่ 9 ไทยมีความยากจนข้ามรุ่นลดลง และมีความคุ้มครองทางสังคมที่เพียงพอ เหมาะสม,P13,2
P130901,P130901,เป้าหมายที่ 9.1 ครัวเรือนที่มีแนวโน้มกลายเป็นครัวเรือนยากจนข้ามรุ่น มีโอกาสในการเลื่อนสถานะทางเศรษฐกิจและสังคม จนสามารถหลุดพ้นจากความยากจนได้อย่างยั่งยืน,P1309,2
P130902,P130902,เป้าหมายที่ 9.2 คนทุกช่วงวัยได้รับความคุ้มครองทางสังคมที่เพียงพอต่อการดำรงชีวิต,P1309,2
P1310,P1310,หมุดหมายที่ 10 ไทยมีเศรษฐกิจหมุนเวียนและสังคมคาร์บอนต่ำ,P13,2
P131001,P131001,เป้าหมายที่ 10.1 การเพิ่มมูลค่าจากเศรษฐกิจหมุนเวียน และการใช้ทรัพยากรอย่างมีประสิทธิภาพ,P1310,2
P131002,P131002,เป้าหมายที่ 10.2 การอนุรักษ์ ฟื้นฟูและใช้ประโยชน์จากทรัพยากรธรรมชาติอย่างยั่งยืน,P1310,2
P131003,P131003,เป้าหมายที่ 10.3 การสร้างสังคมคาร์บอนต่ำและยั่งยืน,P1310,2
P1311,P1311,หมุดหมายที่ 11 ไทยสามารถลดความเสี่ยงและผลกระทบจากภัยธรรมชาติ และการเปลี่ยนแปลงสภาพภูมิอากาศ,P13,2
P131101,P131101,เป้าหมายที่ 11.1 ความเสียหายและผลกระทบจากภัยธรรมชาติและการเปลี่ยนแปลงสภาพภูมิอากาศลดลง,P1311,2
P131102,P131102,เป้าหมายที่ 11.2 ความเสี่ยงจากภัยธรรมชาติและการเปลี่ยนแปลงสภาพภูมิอากาศลดลง,P1311,2
P131103,P131103,เป้าหมายที่ 11.3 สังคมไทยมีภูมิคุ้มกันจากภัยธรรมชาติและการเปลี่ยนแปลงสภาพภูมิอากาศ,P1311,2
P1312,P1312,หมุดหมายที่ 12 ไทยมีกำลังคนสมรรถนะสูง มุ่งเรียนรู้อย่างต่อเนื่อง ตอบโจทย์การพัฒนาแห่งอนาคต,P13,2
P131201,P131201,เป้าหมายที่ 12.1 คนไทยได้รับการพัฒนาอย่างเต็มศักยภาพในทุกช่วงวัย มีสมรรถนะที่จำเป็นสำหรับโลกยุคใหม่มีคุณลักษณะตามบรรทัดฐานที่ดีของสังคม มีคุณธรรม จริยธรรม และมีภูมิคุ้มกันต่อการเปลี่ยนแปลงอย่างพลิกโฉมฉับพลันของโลก สามารถดำรงชีวิตร่วมกันในสังคมได้อย่างสงบสุข,P1312,2
P131202,P131202,เป้าหมายที่ 12.2 กำลังคนมีสมรรถนะสูง สอดคล้องกับความต้องการของภาคการผลิตเป้าหมาย และสามารถสร้างงานอนาคต,P1312,2
P131203,P131203,เป้าหมายที่ 12.3 ประชาชนทุกกลุ่มเข้าถึงการเรียนรู้ตลอดชีวิต,P1312,2
P1313,P1313,หมุดหมายที่ 13 ไทยมีภาครัฐที่ทันสมัย มีประสิทธิภาพ และตอบโจทย์ประชาชน,P13,2
P131301,P131301,เป้าหมายที่ 13.1 การบริการภาครัฐ มีคุณภาพ เข้าถึงได้,P1313,2
P131302,P131302,เป้าหมายที่ 13.2 ภาครัฐที่มีขีดสมรรถนะสูง คล่องตัว,P1313,2
K,K,แผนกลยุทธ์สถาบัน,,3
K01,K01,ประเด็นยุทธศาสตร์ ที่ 1 สร้างสรรค์งานวิจัยและนวัตกรรมอย่างยั่งยืน,K,3
K0101,K0101,เป้าประสงค์ ที่ 1.ก งานวิจัยที่ตรงกับความต้องการหรือเป็นที่ยอมรับของสังคม (Research output),K01,3
K010101,K010101,กลยุทธ์ ที่ 1.1.1 ส่งเสริมการทำวิจัยที่ตอบสนองความต้องการ/แก้ไขปัญหาของประเทศ,K0101,3
K01010101,K01010101,ตัวชี้วัด ที่ 1.1 จำนวนผลงานวิจัยตีพิมพ์เผยแพร่ระดับนานาชาติต่อจำนวนอาจารย์ประจำและนักวิจัยประจำ,K010101,3
K010102,K010102,กลยุทธ์ ที่ 1.1.2 ส่งเสริมการทำวิจัยเพื่อการตีพิมพ์,K0101,3
K01010201,K01010201,ตัวชี้วัด ที่ 1.1 จำนวนผลงานวิจัยตีพิมพ์เผยแพร่ระดับนานาชาติต่อจำนวนอาจารย์ประจำและนักวิจัยประจำ,K010102,3
K0102,K0102,เป้าประสงค์ ที่ 1.ข งานวิจัยถ่ายทอดสู่สังคม (Knowledge & Technology Transfer),K01,3
K010201,K010201,กลยุทธ์ ที่ 1.2.1 นำองค์ความรู้/นวัตกรรมถ่ายทอดสู่สังคมอย่างยั่งยืนและต่อยอดเชิงพาณิชย์,K0102,3
K01020101,K01020101,ตัวชี้วัด ที่ 1.2 จำนวนผลงานวิจัยและนวัตกรรมที่เผยแพร่ในวารสารหรือนำไปใช้อ้างอิงในระดับชาติหรือนานาชาติหรือนำไปใช้ประโยชน์  หรือต่อยอดในเชิงพาณิชย์,K010201,3
K01020102,K01020102,ตัวชี้วัด ที่ 1.3  จำนวนที่ขอยื่นจดสิทธิบัตร/อนุสิทธิบัตร,K010201,3
K01020103,K01020103,ตัวชี้วัด ที่ 1.4 จำนวนผลงานวิจัยที่ทำความร่วมมือกับภาคอุตสาหกรรมเชิงพาณิชย์,K010201,3
K0103,K0103,เป้าประสงค์ ที่ 1.ค เงินสนับสนุนงานวิจัย  หรืองานสร้างสรรค์จากแหล่งทุนภายนอก,K01,3
K010301,K010301,กลยุทธ์ ที่ 1.5.1 จัดตลาดนัดแสดงผลงานวิจัยจากหิ้งสู่ห้าง,K0103,3
K01030101,K01030101,ตัวชี้วัด ที่ 1.5 ร้อยละของเงินทุนวิจัยจากแหล่งทุนภายนอกที่เพิ่มขึ้น,K010301,3
K010302,K010302,กลยุทธ์ ที่ 1.6.1 สร้างเครือข่ายความร่วมมือการทำวิจัยกับหน่วยงานภายนอก/ภาคอุตสาหกรรม,K0103,3
K01030201,K01030201,ตัวชี้วัด ที่ 1.6 เงินสนับสนุนงานวิจัยหรืองานสร้างสรรค์จากหน่วยงานภายนอกต่อจำนวนอาจารย์ประจำ,K010302,3
K010303,K010303,กลยุทธ์ ที่ 1.6.2 ระดมทุนจากภาคอุตสาหกรรม/หน่วยงาน/ศิษย์เก่า,K0103,3
K01030301,K01030301,ตัวชี้วัด ที่ 1.6 เงินสนับสนุนงานวิจัยหรืองานสร้างสรรค์จากหน่วยงานภายนอกต่อจำนวนอาจารย์ประจำ,K010303,3
K02,K02,ประเด็นยุทธศาสตร์ ที่ 2 เสริมสร้างศักยภาพและผลิตกำลังคนตามความต้องการของประเทศและบริบทโลก,K,3
K0201,K0201,เป้าประสงค์ ที่ 2.ก บัณฑิตมีศักยภาพและตรงตามความต้องการของประเทศและบริบทโลก,K02,3
K020101,K020101,กลยุทธ์ ที่ 2.1.1 ผลิตบัณฑิตให้มีคุณลักษณะตามอัตลักษณ์ของสถาบันและตรงตามความต้องการของประเทศและบริบทโลก,K0201,3
K02010101,K02010101,ตัวชี้วัด ที่ 2.1 ร้อยละของบัณฑิตระดับปริญญาตรีที่ได้งานทำหรือประกอบอาชีพอิสระภายใน 1 ปี,K020101,3
K02010102,K02010102,ตัวชี้วัด ที่ 2.2 ร้อยละความพึงพอใจของผู้ใช้บัณฑิตตามมาตรฐาน,K020101,3
K02010103,K02010103,ตัวชี้วัด ที่ 2.3 อัตราผลตอบแทนเฉลี่ยของบัณฑิตเมื่อเทียบกับค่ามาตรฐานกระทรวงแรงงาน,K020101,3
K02010104,K02010104,ตัวชี้วัด ที่ 2.4 จำนวนผู้เข้าร่วมโครงการผ่านการทดสอบ TOEFL หรือ TOEIC,K020101,3
K020102,K020102,กลยุทธ์ ที่ 2.5.1 ปรับปรุงระบบ/วิธีการคัดเลือกนักศึกษา,K0201,3
K02010201,K02010201,ตัวชี้วัด ที่ 2.5 ร้อยละของนักศึกษาที่มีผลการเรียนเฉลี่ยสะสมไม่ได้ตามเกณฑ์ (Probation),K020102,3
K020103,K020103,กลยุทธ์ ที่ 2.6.1 พัฒนาหลักสูตรให้มีความหลากหลายหรือร่วมมือกับหน่วยงานระดับชาติหรือระดับนานาชาติ,K0201,3
K02010301,K02010301,ตัวชี้วัด ที่ 2.6 ร้อยละของหลักสูตรที่ได้รับการร่วมมือ/แลกเปลี่ยนจากหน่วยงานระดับชาติและ/หรือระดับนานาชาติ,K020103,3
K02010302,K02010302,ตัวชี้วัด ที่ 2.7 จำนวนหลักสูตรภาษาอังกฤษและหลักสูตรนานาชาติ,K020103,3
K020104,K020104,กลยุทธ์ ที่ 2.8.1 พัฒนากระบวนการจัดการเรียนการสอน โดยเน้นการปฏิบัติจริง,K0201,3
K02010401,K02010401,ตัวชี้วัด ที่ 2.8 ร้อยละของหลักสูตรที่มีรูปแบบ work Integrated Learning /Active Learning/Out Reach Program ต่อหลักสูตรทั้งหมด,K020104,3
K02010402,K02010402,ตัวชี้วัด ที่ 2.9 จำนวนงานวิจัยหรืองานออกแบบหรืองานสร้างสรรค์หรือสิ่งประดิษฐ์ของนักศึกษาที่ได้รับตีพิมพ์หรือได้รับรางวัลระดับชาติและหรือระดับนานาชาติ,K020104,3
K020105,K020105,กลยุทธ์ ที่ 2.10.1 ทำความร่วมมือทางวิชาการกับมหาวิทยาลัยชั้นนำในต่างประเทศ (TOP 200),K0201,3
K02010501,K02010501,ตัวชี้วัด ที่ 2.10 จำนวนอาจารย์/นักวิจัยชาวต่างประเทศที่ปฏิบัติงานเต็มเวลา 3 เดือนขึ้นไป,K020105,3
K02010502,K02010502,ตัวชี้วัด ที่ 2.11 จำนวนอาจารย์/นักวิจัยแลกเปลี่ยน (Inbound-Outbound),K020105,3
K02010503,K02010503,ตัวชี้วัด ที่ 2.12 จำนวนนักศึกษาต่างชาติเต็มเวลา,K020105,3
K02010504,K02010504,ตัวชี้วัด ที่ 2.13 จำนวนนักศึกษาแลกเปลี่ยนอย่างน้อย 1 ภาคการศึกษา (Inbound-Outbound),K020105,3
K02010505,K02010505,ตัวชี้วัด ที่ 2.14 จำนวนมหาวิทยาลัยในต่างประเทศที่มีการแลกเปลี่ยนบุคลากรและนักศึกษา,K020105,3
K02010506,K02010506,ตัวชี้วัด ที่ 2.15 จำนวนผู้เชี่ยวชาญต่างชาติเพิ่มขึ้น,K020105,3
K02010507,K02010507,ตัวชี้วัด ที่ 2.16 จำนวนศูนย์ประสานงานพระจอมเกล้าลาดกระบังในต่างประเทศ,K020105,3
K020106,K020106,กลยุทธ์ ที่ 2.17.1 ทำความร่วมมือกับภาคอุตสาหกรรม (Set Index 100),K0201,3
K02010601,K02010601,ตัวชี้วัด ที่ 2.17 จำนวนความร่วมมือกับภาคอุตสาหกรรม,K020106,3
K03,K03,ประเด็นยุทธศาสตร์ ที่ 3 ส่งเสริมบริการวิชาการพัฒนารากฐานองค์ความรู้สู่สังคม,K,3
K0301,K0301,เป้าประสงค์ ที่ 3.ก มุ่งบริการวิชาการเพื่อแก้ไขปัญหาภาคอุตสาหกรรม สังคมและประเทศ,K03,3
K030101,K030101,กลยุทธ์ ที่ 3.1.1 ส่งเสริมบริการวิชาการเพื่อแก้ปัญหาภาคอุตสาหกรรม (Stakeholder Engagement),K0301,3
K03010101,K03010101,ตัวชี้วัด ที่ 3.1 ร้อยละโครงการบริการวิชาการที่ร่วมมือกับภาคอุตสาหกรรม,K030101,3
K030102,K030102,กลยุทธ์ ที่ 3.2.1 สนับสนุนการบริการวิชาการเพื่อแก้ไขปัญหาสังคมและประเทศ,K0301,3
K03010201,K03010201,ตัวชี้วัด ที่ 3.2 ร้อยละของจำนวนโครงการบริการวิชาการที่แก้ไขปัญหาสังคมหรือสร้างความเข้มแข็งให้ สังคม,K030102,3
K030103,K030103,กลยุทธ์ ที่ 3.3.1 สร้างและพัฒนาวิสาหกิจเริ่มต้นและผู้ประกอบการรายใหม่,K0301,3
K03010301,K03010301,ตัวชี้วัด ที่ 3.3 จำนวนผู้ประกอบการ (Start up),K030103,3
K0302,K0302,เป้าประสงค์ ที่ 3.ข รายได้เพิ่มจากการบริการวิชาการ,K03,3
K030201,K030201,กลยุทธ์ ที่ 3.4.1 จัดหารายได้เพิ่มจากองค์ความรู้และหรือทรัพย์สินทางปัญญา,K0302,3
K03020101,K03020101,ตัวชี้วัด ที่ 3.4 ร้อยละของรายได้จากงานบริการวิชาการที่เพิ่มขึ้น,K030201,3
K03020102,K03020102,ตัวชี้วัด ที่ 3.5 จำนวนการยื่นขอจดทะเบียนทรัพย์สินทางปัญญา,K030201,3
K04,K04,ประเด็นยุทธศาสตร์ ที่ 4 สนับสนุนการพัฒนาองค์กรคุณภาพอย่างยั่งยืน (KMITL Excellence),K,3
K0401,K0401,เป้าประสงค์ ที่ 4.ก ระบบบริหารจัดการและบุคลากรมีคุณภาพที่ดี ทันสมัย ยั่งยืน,K04,3
K040101,K040101,กลยุทธ์ ที่ 4.1.1 เพิ่มประสิทธิภาพระบบบริหารจัดการให้มีคุณภาพ โปร่งใส เป็นธรรม,K0401,3
K04010101,K04010101,ตัวชี้วัด ที่ 4.1 ร้อยละความพึงพอใจของผู้รับบริการที่มีต่อการให้บริการ,K040101,3
K04010102,K04010102,ตัวชี้วัด ที่ 4.2 ร้อยละของระบบงานที่สามารถลดรอบระยะเวลาในการให้บริการที่รวดเร็ว,K040101,3
K040102,K040102,กลยุทธ์ ที่ 4.3.1 เพิ่มประสิทธิภาพระบบตรวจสอบและควบคุม,K0401,3
K04010201,K04010201,ตัวชี้วัด ที่ 4.3 ร้อยละของความสำเร็จในการจัดทำระบบบริหารความเสี่ยงและควบคุมภายใน,K040102,3
K04010202,K04010202,ตัวชี้วัด ที่ 4.4 ร้อยละการเบิกจ่ายเมื่อเทียบกับงบประมาณที่ได้รับจัดสรร,K040102,3
K04010203,K04010203,ตัวชี้วัด ที่ 4.5 ร้อยละของผู้ตรวจสอบภายในผ่านเกณฑ์มาตรฐานมืออาชีพ,K040102,3
K040103,K040103,กลยุทธ์ ที่ 4.6.1 พัฒนาระบบบริหารทรัพยากรบุคคลให้มีคุณภาพ,K0401,3
K04010301,K04010301,กลยุทธ์ ที่ 4.1.1 เพิ่มประสิทธิภาพระบบบริหารจัดการให้มีคุณภาพ โปร่งใส เป็นธรรม,K040103,3
K0401030101,K0401030101,ตัวชี้วัด ที่ 4.1 ร้อยละความพึงพอใจของผู้รับบริการที่มีต่อการให้บริการ,K04010301,3
K0401030102,K0401030102,ตัวชี้วัด ที่ 4.2 ร้อยละของระบบงานที่สามารถลดรอบระยะเวลาในการให้บริการที่รวดเร็ว,K04010301,3
K040104,K040104,กลยุทธ์ ที่ 4.3.1 เพิ่มประสิทธิภาพระบบตรวจสอบและควบคุม,K0401,3
K04010401,K04010401,ตัวชี้วัด ที่ 4.3 ร้อยละของความสำเร็จในการจัดทำระบบบริหารความเสี่ยงและควบคุมภายใน,K040104,3
K04010402,K04010402,ตัวชี้วัด ที่ 4.4 ร้อยละการเบิกจ่ายเมื่อเทียบกับงบประมาณที่ได้รับจัดสรร,K040104,3
K04010403,K04010403,ตัวชี้วัด ที่ 4.5 ร้อยละของผู้ตรวจสอบภายในผ่านเกณฑ์มาตรฐานมืออาชีพ,K040104,3
K040105,K040105,กลยุทธ์ ที่ 4.6.1 พัฒนาระบบบริหารทรัพยากรบุคคลให้มีคุณภาพ,K0401,3
K04010501,K04010501,ตัวชี้วัด ที่ 4.6 จำนวนผู้ผ่านการอบรมตามโครงสร้างผู้บริหารยุคใหม่,K040105,3
K04010502,K04010502,ตัวชี้วัด ที่ 4.7 ร้อยละของบุคลากรสายสนับสนุนที่ดำรงตำแหน่งทางวิชาการเพิ่มขึ้น,K040105,3
K04010503,K04010503,ตัวชี้วัด ที่ 4.8 ร้อยละของตำแหน่งทางวิชาการ (ศ./รศ.) ต่อจำนวนอาจารย์ประจำ,K040105,3
K04010504,K04010504,ตัวชี้วัด ที่ 4.9 ร้อยละของอาจารย์ที่มีวุฒิปริญญาเอกหรือเทียบเท่าต่ออาจารย์ประจำ,K040105,3
K0402,K0402,เป้าประสงค์ ที่ 4.ข เป็นสถาบันที่ใช้ระบบเทคโนโลยีที่ทันสมัย (e-university),K04,3
K040201,K040201,กลยุทธ์ ที่ 4.10.1 พัฒนาระบบเทคโนโลยีที่ทันสมัยมาใช้ให้ครอบคลุมทุกพันธกิจ,K0402,3
K04020101,K04020101,ตัวชี้วัด ที่ 4.10 ระดับความสำเร็จในการนำระบบสารสนเทศมาใช้ในการดำเนินงานตามพันธกิจ,K040201,3
K04020102,K04020102,ตัวชี้วัด ที่ 4.11 ร้อยละของจำนวนส่วนงานที่นำข้อมูลเข้าระบบเพื่อการบริหารจัดการตามพันธกิจ,K040201,3
K04020103,K04020103,ตัวชี้วัด ที่ 4.12 ร้อยละของพื้นที่ให้บริการมี wireless internet,K040201,3
K0403,K0403,เป้าประสงค์ ที่ 4.ค สภาพแวดล้อมที่ดีมีสุข (Environment Well-Being),K04,3
K040301,K040301,กลยุทธ์ ที่ 4.13.1 ปรับปรุงสภาพแวดล้อมให้เป็นสถาบันสีเขียว (Green-University),K0403,3
K04030101,K04030101,ตัวชี้วัด ที่ 4.13 ร้อยละความสำเร็จในการสรุปแผนแม่บททางกายภาพ,K040301,3
K040302,K040302,กลยุทธ์ ที่ 4.15.1 ปรับปรุงความปลอดภัยภายในองค์กร (Safety Organization),K0403,3
K04030201,K04030201,ตัวชี้วัด ที่ 4.15 ร้อยละความพึงพอใจของบุคลากรและนักศึกษาที่มีต่อสภาพแวดล้อมคุณภาพชีวิต,K040302,3
K040303,K040303,กลยุทธ์ ที่ 4.16.1 ยกระดับคุณภาพชีวิตที่ดี (Improves Quality Of Life),K0403,3
K04030301,K04030301,ตัวชี้วัด ที่ 4.16 ระดับความผูกพันของบุคลากรที่มีต่อสถาบัน,K040303,3
K0404,K0404,เป้าประสงค์ ที่ 4.ง รายได้เพิ่มอย่างยั่งยืน,K04,3
K040401,K040401,กลยุทธ์ ที่ 4.17.1 ระบบบริหารจัดการทางการเงิน,K0404,3
K04040101,K04040101,ตัวชี้วัด ที่ 4.17 ร้อยละความสำเร็จในการจัดทำแผนกลยุทธ์ทางการเงิน,K040401,3
K04040102,K04040102,ตัวชี้วัด ที่ 4.18 ร้อยละของรายได้ที่เพิ่มขึ้น (จากรายได้ทั้งหมด),K040401,3
K04040103,K04040103,ตัวชี้วัด ที่ 4.19 ร้อยละของรายได้อื่นๆ ต่อรายได้ทั้งหมด (นอกเหนือค่าธรรมเนียมการศึกษา),K040401,3
